app,status,app_type,completion_goal,product_source,title,price,tags,description,github_release,zip,thumbnail,screenshot,missing
DAKE_App_Doko,available,,,booth_ready/booth_product.txt,OK,OK,OK,OK,OK,DakeApp_Doko.zip,booth_thumbnail.jpg,screenshot.webp,
DAKE_Backup,available,,,booth_ready/booth_product.txt,OK,OK,OK,OK,OK,DakeBackup.zip,booth_thumbnail.jpg,screenshot.webp,
DAKE_BOOTH_Assist,available,,,booth_ready/booth_product.txt,OK,OK,OK,OK,OK,DakeBOOTH_Assist.zip,booth_thumbnail.jpg,screenshot.webp,
DAKE_Column_Memo,available,,,booth_ready/booth_product.txt,OK,OK,OK,OK,OK,DakeColumn_Memo.zip,booth_thumbnail.jpg,screenshot.webp,
DAKE_Document_Cover,available,,,booth_ready/booth_product.txt,OK,OK,OK,OK,OK,DakeDocument_Cover.zip,booth_thumbnail.jpg,screenshot.webp,
DAKE_FAX_Cover,available,,,booth_ready/booth_product.txt,OK,OK,OK,OK,OK,DakeFAX_Cover.zip,booth_thumbnail.jpg,screenshot.webp,
DAKE_Folder_List,available,,,booth_ready/booth_product.txt,OK,OK,OK,OK,OK,DakeFolder_List.zip,booth_thumbnail.jpg,screenshot.webp,
DAKE_Git_Memo,available,,,booth_ready/booth_product.txt,OK,OK,OK,OK,OK,DakeGit_Memo.zip,booth_thumbnail.jpg,screenshot.webp,
DAKE_Image_HEICtoJPG,available,,,booth_ready/booth_product.txt,OK,OK,OK,OK,OK,DakeHEIC_JPG.zip,booth_thumbnail.jpg,screenshot.webp,
DAKE_Image_iPhoneToPC,available,,,booth_ready/booth_product.txt,OK,OK,OK,OK,OK,DakeImage_iPhoneToPC.zip,booth_thumbnail.jpg,screenshot.webp,
DAKE_Image_PasteA4,available,,,booth_ready/booth_product.txt,OK,OK,OK,OK,OK,DakeImage_PasteA4.zip,booth_thumbnail.jpg,screenshot.webp,
DAKE_Image_Receiver,available,,,booth_ready/booth_product.txt,OK,OK,OK,OK,OK,DakeImage_Receiver.zip,booth_thumbnail.jpg,screenshot.webp,
DAKE_Image_Resize,available,,,booth_ready/booth_product.txt,OK,OK,OK,OK,OK,Dake_Image_Resize.zip,booth_thumbnail.jpg,screenshot.webp,
DAKE_Image_ToPDF,available,,,booth_ready/booth_product.txt,OK,OK,OK,OK,OK,DakeImageToPDF.zip,booth_thumbnail.jpg,screenshot.webp,
DAKE_Launcher,available,,,booth_ready/booth_product.txt,OK,OK,OK,OK,OK,Dake_Launcher.zip,booth_thumbnail.jpg,screenshot.webp,
DAKE_Mail_Address_Format,available,,,booth_ready/booth_product.txt,OK,OK,OK,OK,OK,DakeMail_Address_Format.zip,booth_thumbnail.jpg,screenshot.webp,
DAKE_Mail_AllStaff,available,,,booth_ready/booth_product.txt,OK,OK,OK,OK,OK,Dake_AllStaff_Mail.zip,booth_thumbnail.jpg,screenshot.webp,
DAKE_Mail_Draft,available,,,booth_ready/booth_product.txt,OK,OK,OK,OK,OK,DakeMail_Draft.zip,booth_thumbnail.jpg,screenshot.webp,
DAKE_Mail_Kikuta,available,,,booth_ready/booth_product.txt,OK,OK,OK,OK,OK,DakeKikuta_Mail.zip,booth_thumbnail.jpg,screenshot.webp,
DAKE_Mail_List,available,,,booth_ready/booth_product.txt,OK,OK,OK,OK,OK,DakeMail_List.zip,booth_thumbnail.jpg,screenshot.webp,
DAKE_Maji_Memo,available,,,booth_ready/booth_product.txt,OK,OK,OK,OK,OK,DakeMaji_Memo.zip,booth_thumbnail.jpg,screenshot.webp,
DAKE_Mansion_Schedule,available,,,booth_ready/booth_product.txt,OK,OK,OK,OK,OK,DakeMansion_Schedule.zip,booth_thumbnail.jpg,screenshot.webp,
DAKE_PDF_CheckStamp,available,,,booth_ready/booth_product.txt,OK,OK,OK,OK,OK,Dake_Check_Stamp.zip,booth_thumbnail.jpg,screenshot.webp,
DAKE_PDF_Compress,available,,,booth_ready/booth_product.txt,OK,OK,OK,OK,OK,DakePDF_Compress.zip,booth_thumbnail.jpg,screenshot.webp,
DAKE_PDF_Crop,available,,,booth_ready/booth_product.txt,OK,OK,OK,OK,OK,DakePDF_Crop.zip,booth_thumbnail.jpg,screenshot.webp,
DAKE_PDF_LookHere,available,,,booth_ready/booth_product.txt,OK,OK,OK,OK,OK,DakePDF_LookHere.zip,booth_thumbnail.jpg,screenshot.webp,
DAKE_PDF_Marker,available,,,booth_ready/booth_product.txt,OK,OK,OK,OK,OK,DakePDF_Marker.zip,booth_thumbnail.jpg,screenshot.webp,
DAKE_PDF_Merge,available,,,booth_ready/booth_product.txt,OK,OK,OK,OK,OK,DakePDF_Merge.zip,booth_thumbnail.jpg,screenshot.webp,
DAKE_PDF_Merge_Mini,available,,,booth_ready/booth_product.txt,OK,OK,OK,OK,OK,DakePDF_Merge_Mini.zip,booth_thumbnail.jpg,screenshot.webp,
DAKE_PDF_Rename,available,,,booth_ready/booth_product.txt,OK,OK,OK,OK,OK,DakePDF_Rename.zip,booth_thumbnail.jpg,screenshot.webp,
DAKE_PDF_Reorder,available,,,booth_ready/booth_product.txt,OK,OK,OK,OK,OK,DakePDF_Reorder.zip,booth_thumbnail.jpg,screenshot.webp,
DAKE_PDF_SplitOne,available,,,booth_ready/booth_product.txt,OK,OK,OK,OK,OK,DakePDF_Split_One.zip,booth_thumbnail.jpg,screenshot.webp,
DAKE_PDF_SplitSelect,available,,,booth_ready/booth_product.txt,OK,OK,OK,OK,OK,DakePDF_Split_Select.zip,booth_thumbnail.jpg,screenshot.webp,
DAKE_PDF_ToImages,available,,,booth_ready/booth_product.txt,OK,OK,OK,OK,OK,DakePDF_to_Images.zip,booth_thumbnail.jpg,screenshot.webp,
DAKE_PDF_Viewer,available,,,booth_ready/booth_product.txt,OK,OK,OK,OK,OK,DakePDF_Viewer.zip,booth_thumbnail.jpg,screenshot.webp,
DAKE_Price_Apportionment,available,,,booth_ready/booth_product.txt,OK,OK,OK,OK,OK,DakePrice_Apportionment.zip,booth_thumbnail.jpg,screenshot.webp,
DAKE_Price_FixedTax,available,,,booth_ready/booth_product.txt,OK,OK,OK,OK,OK,DakeFixedTax.zip,booth_thumbnail.jpg,screenshot.webp,
DAKE_Reform_Progress,available,,,booth_ready/booth_product.txt,OK,OK,OK,OK,OK,DakeReform_Progress.zip,booth_thumbnail.jpg,screenshot.webp,
DAKE_Screen_WebP,available,,,booth_ready/booth_product.txt,OK,OK,OK,OK,OK,DakeScreen_WebP.zip,booth_thumbnail.jpg,screenshot.webp,
DAKE_Screenshot_Print,available,,,booth_ready/booth_product.txt,OK,OK,OK,OK,OK,DakeScreenshot_Print.zip,booth_thumbnail.jpg,screenshot.webp,
DAKE_Sticky_Memo,available,,,booth_ready/booth_product.txt,OK,OK,OK,OK,OK,DakeSticky_Memo.zip,booth_thumbnail.jpg,screenshot.webp,
DAKE_TwoPerson_Memo,available,,,booth_ready/booth_product.txt,OK,OK,OK,OK,OK,DakeTwoPerson_Memo.zip,booth_thumbnail.jpg,screenshot.webp,
DAKE_Work_Calendar,available,,,booth_ready/booth_product.txt,OK,OK,OK,OK,OK,DakeWork_Calendar.zip,booth_thumbnail.jpg,screenshot.webp,
DAKE_Year_Age,available,,,booth_ready/booth_product.txt,OK,OK,OK,OK,OK,DakeYear_Age.zip,booth_thumbnail.jpg,screenshot.webp,
DAKE_Year_Notice,available,,,booth_ready/booth_product.txt,OK,OK,OK,OK,OK,DakeYear_Notice.zip,booth_thumbnail.jpg,screenshot.webp,
DAKE_Yesterday_Task_Memo,available,,,booth_ready/booth_product.txt,OK,OK,OK,OK,OK,DakeYesterday_Task_Memo.zip,booth_thumbnail.jpg,screenshot.webp,
