app folder,display_name,status,exe path,exe exists,launch_check supported,result,exit code,elapsed seconds,note
DAKE_App_Dashboard,DAKE Dashboard,internal,,False,False,SKIPPED_STATUS,,0.00,status=internal
DAKE_App_Doko,アプリどこ,available,01_apps\DAKE_App_Doko\dist\DakeApp_Doko.exe,True,True,OK,0,1.67,
DAKE_Approve_Brainz,承認Brainz,frozen,,False,False,SKIPPED_STATUS,,0.00,status=frozen
DAKE_Backup,Dakeバックアップ,available,01_apps\DAKE_Backup\dist\DakeBackup.exe,True,True,OK,0,1.48,LAUNCH CHECK OK
DAKE_BGM_Loop,Dake BGM Loop,frozen,,False,False,SKIPPED_STATUS,,0.00,status=frozen
DAKE_BOOTH_Assist,BOOTHアシスト,available,01_apps\DAKE_BOOTH_Assist\dist\DakeBOOTH_Assist.exe,True,True,TIMEOUT,timeout,5.58,--launch-check did not finish
DAKE_Brainz_OIKAWA,OIKAWA,experimental,,False,False,SKIPPED_STATUS,,0.00,status=experimental
DAKE_Brainz_Search,補助脳BRAINZ,draft,,False,False,SKIPPED_STATUS,,0.00,status=draft
DAKE_Column_Memo,ずっとメモ,available,01_apps\DAKE_Column_Memo\dist\DakeColumn_Memo.exe,True,False,OK_GUI,terminated,4.14,GUI process started and was stopped after smoke timeout
DAKE_Document_Cover,Dake書類送付状,available,01_apps\DAKE_Document_Cover\dist\DakeDocument_Cover.exe,True,False,OK_GUI,terminated,4.23,GUI process started and was stopped after smoke timeout
DAKE_FAX_Cover,DakeFAX送付状,available,01_apps\DAKE_FAX_Cover\dist\DakeFAX_Cover.exe,True,False,OK_GUI,terminated,4.23,GUI process started and was stopped after smoke timeout
DAKE_Folder_List,Dakeフォルダ一覧,available,01_apps\DAKE_Folder_List\dist\DakeFolder_List.exe,True,False,OK_GUI,terminated,4.14,GUI process started and was stopped after smoke timeout
DAKE_Git_Memo,DakeGitメモ,available,01_apps\DAKE_Git_Memo\dist\DakeGit_Memo.exe,True,True,OK,0,2.31,
DAKE_HolidayJinja_Post,holiday-jinja 投稿DAKE,internal,,False,False,SKIPPED_STATUS,,0.00,status=internal
DAKE_Image_HEICtoJPG,HEIC→JPG変換,available,01_apps\DAKE_Image_HEICtoJPG\dist\DakeHEIC_JPG.exe,True,False,OK_GUI,terminated,4.23,GUI process started and was stopped after smoke timeout
DAKE_Image_iPhoneToPC,Dake画像iPhoneToPC,available,01_apps\DAKE_Image_iPhoneToPC\dist\DakeImage_iPhoneToPC.exe,True,False,OK_GUI,terminated,4.19,GUI process started and was stopped after smoke timeout
DAKE_Image_PasteA4,貼る,available,01_apps\DAKE_Image_PasteA4\dist\DakeImage_PasteA4.exe,True,False,OK_GUI,terminated,4.17,GUI process started and was stopped after smoke timeout
DAKE_Image_Receiver,DakeImage_Receiver,available,01_apps\DAKE_Image_Receiver\dist\DakeImage_Receiver.exe,True,False,OK_GUI,terminated,4.27,GUI process started and was stopped after smoke timeout
DAKE_Image_Resize,Dake画像リサイズ,available,01_apps\DAKE_Image_Resize\dist\Dake_Image_Resize.exe,True,False,OK_GUI,terminated,4.23,GUI process started and was stopped after smoke timeout
DAKE_Image_ToPDF,DakeImageToPDF,available,01_apps\DAKE_Image_ToPDF\dist\DakeImageToPDF.exe,True,False,OK_GUI,terminated,4.23,GUI process started and was stopped after smoke timeout
DAKE_Launcher,Dakeランチャー,available,01_apps\DAKE_Launcher\dist\Dake_Launcher.exe,True,False,OK_GUI,terminated,4.16,GUI process started and was stopped after smoke timeout
DAKE_Mail_Address_Format,Dakeメールアドレス整形,available,01_apps\DAKE_Mail_Address_Format\dist\DakeMail_Address_Format.exe,True,True,OK,0,1.27,DAKE_Mail_Address_Format launch-check OK
DAKE_Mail_AllStaff,Dake全社員メール起動,available,01_apps\DAKE_Mail_AllStaff\dist\Dake_AllStaff_Mail.exe,True,True,OK,0,1.42,DAKE_Mail_AllStaff launch-check OK
DAKE_Mail_Draft,Dakeメール下書き,available,01_apps\DAKE_Mail_Draft\dist\DakeMail_Draft.exe,True,True,OK,0,1.67,
DAKE_Mail_Kikuta,Dake菊田メール,available,01_apps\DAKE_Mail_Kikuta\dist\DakeKikuta_Mail.exe,True,False,OK_GUI,terminated,4.14,GUI process started and was stopped after smoke timeout
DAKE_Mail_List,Dakeメールリスト,available,01_apps\DAKE_Mail_List\dist\DakeMail_List.exe,True,False,OK_GUI,terminated,4.19,GUI process started and was stopped after smoke timeout
DAKE_Maji_Memo,マジでメモ,available,01_apps\DAKE_Maji_Memo\dist\DakeMaji_Memo.exe,True,False,OK_GUI,terminated,4.12,GUI process started and was stopped after smoke timeout
DAKE_Mansion_Schedule,マンション工程表,available,01_apps\DAKE_Mansion_Schedule\dist\DakeMansion_Schedule.exe,True,True,OK,0,2.39,Dakeマンション工程表 launch-check OK pdf=C:\Users\yukiz\devlop\DAKE_series\01_apps\DAKE_Mansion_Schedule\dist\tmp64guf70d\mansion_schedule.pdf a3_landscape_one_page=OK calendar_days=45 start=2026-06-01 finish=2026-07-15 workdays=33 allocated_workdays=28 reserve_workdays=5 weekend_work_bars=none selectable_rows=OK free_rows=OK checkbox_display=OK timestamped_output_filename=OK config_save_restore=OK open_output_folder=OK pdf_submission_footer_removed=OK
DAKE_Music_Otooku,音を置く,frozen,,False,False,SKIPPED_STATUS,,0.00,status=frozen
DAKE_PDF_CheckStamp,Dake確認印,available,01_apps\DAKE_PDF_CheckStamp\dist\Dake_Check_Stamp.exe,True,False,OK_GUI,terminated,4.31,GUI process started and was stopped after smoke timeout
DAKE_PDF_Compress,DakePDF圧縮,available,01_apps\DAKE_PDF_Compress\dist\DakePDF_Compress.exe,True,True,OK,0,1.78,
DAKE_PDF_Crop,DakePDFトリミング,available,01_apps\DAKE_PDF_Crop\dist\DakePDF_Crop.exe,True,False,OK_GUI,terminated,4.20,GUI process started and was stopped after smoke timeout
DAKE_PDF_LookHere,DakePDFここ見て,available,01_apps\DAKE_PDF_LookHere\dist\DakePDF_LookHere.exe,True,False,OK_GUI,terminated,4.03,GUI process started and was stopped after smoke timeout
DAKE_PDF_Marker,DakePDFマーカー,available,01_apps\DAKE_PDF_Marker\dist\DakePDF_Marker.exe,True,False,OK_GUI,terminated,4.02,GUI process started and was stopped after smoke timeout
DAKE_PDF_Merge,DakePDF結合,available,01_apps\DAKE_PDF_Merge\dist\DakePDF_Merge.exe,True,False,OK_GUI,terminated,4.02,GUI process started and was stopped after smoke timeout
DAKE_PDF_Merge_Mini,DakePDF結合mini,available,01_apps\DAKE_PDF_Merge_Mini\dist\DakePDF_Merge_Mini.exe,True,False,OK_GUI,terminated,4.01,GUI process started and was stopped after smoke timeout
DAKE_PDF_Rename,DakePDFファイル名整理,available,01_apps\DAKE_PDF_Rename\dist\DakePDF_Rename.exe,True,False,OK_GUI,terminated,4.02,GUI process started and was stopped after smoke timeout
DAKE_PDF_Reorder,DakePDFページ並べ替え,available,01_apps\DAKE_PDF_Reorder\dist\DakePDF_Reorder.exe,True,False,OK_GUI,terminated,4.02,GUI process started and was stopped after smoke timeout
DAKE_PDF_SplitOne,DakePDF分割One,available,01_apps\DAKE_PDF_SplitOne\dist\DakePDF_Split_One.exe,True,False,OK_GUI,terminated,4.02,GUI process started and was stopped after smoke timeout
DAKE_PDF_SplitSelect,DakePDF分割Select,available,01_apps\DAKE_PDF_SplitSelect\dist\DakePDF_Split_Select.exe,True,False,OK_GUI,terminated,4.02,GUI process started and was stopped after smoke timeout
DAKE_PDF_ToImages,DakePDFto画像,available,01_apps\DAKE_PDF_ToImages\dist\DakePDF_to_Images.exe,True,False,OK_GUI,terminated,4.02,GUI process started and was stopped after smoke timeout
DAKE_PDF_Viewer,DakePDF見る,available,01_apps\DAKE_PDF_Viewer\dist\DakePDF_Viewer.exe,True,False,OK_GUI,terminated,4.02,GUI process started and was stopped after smoke timeout
DAKE_Price_Apportionment,Dake価格按分,available,01_apps\DAKE_Price_Apportionment\dist\DakePrice_Apportionment.exe,True,False,OK_GUI,terminated,4.02,GUI process started and was stopped after smoke timeout
DAKE_Price_FixedTax,Dake固都税計算,available,01_apps\DAKE_Price_FixedTax\dist\DakeFixedTax.exe,True,False,OK_GUI,terminated,4.02,GUI process started and was stopped after smoke timeout
DAKE_QPSC_Dashboard,QPSC Dashboard,internal,,False,False,SKIPPED_STATUS,,0.00,status=internal
DAKE_Reform_Progress,リフォーム進捗管理,available,01_apps\DAKE_Reform_Progress\dist\DakeReform_Progress.exe,True,True,OK,0,1.75,Dakeリフォーム進捗管理 launch-check OK pdf=C:\Users\yukiz\devlop\DAKE_series\01_apps\DAKE_Reform_Progress\dist\tmp1t8sjwuu\リフォーム進捗カレンダー_テストリフォーム_20260529-20260713.pdf a4_portrait_one_page=OK calendar_days=46 start=2026/05/29 finish=2026/07/13 weeks=8 completion_cell=2026-07-13 完工 weekend_background_and_no_work_items=OK calendar_drag_move_and_resize_logic=OK row_reorder_logic=OK reschedule_done_items_fixed=OK config_save_restore=OK project_save_restore=OK pdf_multi_day_bands=OK reference_day_45=OK max_56_day_limit=OK open_output_folder=OK
DAKE_Screen_WebP,DakeScreen_WebP,available,01_apps\DAKE_Screen_WebP\dist\DakeScreen_WebP.exe,True,False,OK_GUI,terminated,4.02,GUI process started and was stopped after smoke timeout
DAKE_Screenshot_Print,Dakeスクショ印刷,available,01_apps\DAKE_Screenshot_Print\dist\DakeScreenshot_Print.exe,True,False,OK_GUI,terminated,4.02,GUI process started and was stopped after smoke timeout
DAKE_Sticky_Memo,付箋メモ,available,01_apps\DAKE_Sticky_Memo\dist\DakeSticky_Memo.exe,True,False,OK_GUI,terminated,4.02,GUI process started and was stopped after smoke timeout
DAKE_TwoPerson_Memo,Dake二人メモ,available,01_apps\DAKE_TwoPerson_Memo\dist\DakeTwoPerson_Memo.exe,True,False,OK_GUI,terminated,4.01,GUI process started and was stopped after smoke timeout
DAKE_Wake_Brainz,DAKE_Wake_Brainz,draft,,False,False,SKIPPED_STATUS,,0.00,status=draft
DAKE_Web_Dashboard,DAKE Web Dashboard,internal,,False,False,SKIPPED_STATUS,,0.00,status=internal
DAKE_Work_Calendar,Dake工程カレンダー,available,01_apps\DAKE_Work_Calendar\dist\DakeWork_Calendar.exe,True,False,OK_GUI,terminated,4.03,GUI process started and was stopped after smoke timeout
DAKE_Year_Age,Dake築年数,available,01_apps\DAKE_Year_Age\dist\DakeYear_Age.exe,True,False,OK_GUI,terminated,4.03,GUI process started and was stopped after smoke timeout
DAKE_Year_Notice,Dake今年の注意点,available,01_apps\DAKE_Year_Notice\dist\DakeYear_Notice.exe,True,False,OK_GUI,terminated,4.02,GUI process started and was stopped after smoke timeout
DAKE_Yesterday_Task_Memo,Dake昨日タスクメモ,available,01_apps\DAKE_Yesterday_Task_Memo\dist\DakeYesterday_Task_Memo.exe,True,False,OK_GUI,terminated,4.02,GUI process started and was stopped after smoke timeout
DAKE_Yukiz_KadouChu,Dakeユキズ稼働中,draft,,False,False,SKIPPED_STATUS,,0.00,status=draft
DAKE_YukizBlog_Post,YUKIZ BLOG 投稿DAKE,internal,,False,False,SKIPPED_STATUS,,0.00,status=internal
