id,type,title,price,currency,current_payment_status,booth_url,github_release_url,source_original,review_result,creation_method,price_check,tax_code_candidate,tax_code_review_required,stripe_product_name,metadata_ready,memo
DAKE_App_Doko,app,アプリどこ,300,JPY,booth_only,https://peakheadz.booth.pm/items/8447573,https://github.com/yukiPHZ/dake-series/releases/tag/DAKE_App_Doko_v1.0.0,01_apps/DAKE_App_Doko/ORIGINAL.md,create,api_candidate,price_ok,txcd_10202003,no,アプリどこ,yes,"single DAKE app; API candidate with price, BOOTH URL, and source_original present; source memo: ready for Stripe Payment Link planning"
DAKE_Backup,app,Dakeバックアップ,500,JPY,booth_only,https://peakheadz.booth.pm/items/8447578,https://github.com/yukiPHZ/dake-series/releases/tag/DAKE_Backup_v1.0.0,01_apps/DAKE_Backup/ORIGINAL.md,create,api_candidate,price_ok,txcd_10202003,no,Dakeバックアップ,yes,"single DAKE app; API candidate with price, BOOTH URL, and source_original present; source memo: ready for Stripe Payment Link planning"
DAKE_Git_Memo,app,DakeGitメモ,500,JPY,booth_only,https://peakheadz.booth.pm/items/8447593,https://github.com/yukiPHZ/dake-series/releases/tag/DAKE_Git_Memo_v1.0.0,01_apps/DAKE_Git_Memo/ORIGINAL.md,create,api_candidate,price_ok,txcd_10202003,no,DakeGitメモ,yes,"single DAKE app; API candidate with price, BOOTH URL, and source_original present; source memo: ready for Stripe Payment Link planning"
DAKE_Image_PasteA4,app,貼る,500,JPY,booth_only,https://peakheadz.booth.pm/items/8397628,https://github.com/yukiPHZ/dake-series/releases/tag/DAKE_Image_PasteA4_v1.0.0,01_apps/DAKE_Image_PasteA4/ORIGINAL.md,create,api_candidate,price_ok,txcd_10202003,no,貼る,yes,"single DAKE app; API candidate with price, BOOTH URL, and source_original present; source memo: ready for Stripe Payment Link planning"
DAKE_Mail_Address_Format,app,Dakeメールアドレス整形,300,JPY,booth_only,https://peakheadz.booth.pm/items/8447996,https://github.com/yukiPHZ/dake-series/releases/tag/DAKE_Mail_Address_Format_v1.0.0,01_apps/DAKE_Mail_Address_Format/ORIGINAL.md,create,api_candidate,price_ok,txcd_10202003,no,Dakeメールアドレス整形,yes,"single DAKE app; API candidate with price, BOOTH URL, and source_original present; source memo: ready for Stripe Payment Link planning"
DAKE_Mail_Draft,app,Dakeメール下書き,300,JPY,booth_only,https://peakheadz.booth.pm/items/8448001,https://github.com/yukiPHZ/dake-series/releases/tag/DAKE_Mail_Draft_v1.0.0,01_apps/DAKE_Mail_Draft/ORIGINAL.md,create,api_candidate,price_ok,txcd_10202003,no,Dakeメール下書き,yes,"single DAKE app; API candidate with price, BOOTH URL, and source_original present; source memo: ready for Stripe Payment Link planning"
DAKE_Maji_Memo,app,マジでメモ,300,JPY,booth_only,https://peakheadz.booth.pm/items/8448021,https://github.com/yukiPHZ/dake-series/releases/tag/DAKE_Maji_Memo_v1.0.0,01_apps/DAKE_Maji_Memo/ORIGINAL.md,create,api_candidate,price_ok,txcd_10202003,no,マジでメモ,yes,"single DAKE app; API candidate with price, BOOTH URL, and source_original present; source memo: ready for Stripe Payment Link planning"
DAKE_Sticky_Memo,app,付箋メモ,300,JPY,booth_only,https://peakheadz.booth.pm/items/8448263,https://github.com/yukiPHZ/dake-series/releases/tag/DAKE_Sticky_Memo_v1.0.0,01_apps/DAKE_Sticky_Memo/ORIGINAL.md,create,api_candidate,price_ok,txcd_10202003,no,付箋メモ,yes,"single DAKE app; API candidate with price, BOOTH URL, and source_original present; source memo: ready for Stripe Payment Link planning"
DAKE_Yesterday_Task_Memo,app,Dake昨日タスクメモ,300,JPY,booth_only,https://peakheadz.booth.pm/items/8448291,https://github.com/yukiPHZ/dake-series/releases/tag/DAKE_Yesterday_Task_Memo_v1.0.0,01_apps/DAKE_Yesterday_Task_Memo/ORIGINAL.md,create,api_candidate,price_ok,txcd_10202003,no,Dake昨日タスクメモ,yes,"single DAKE app; API candidate with price, BOOTH URL, and source_original present; source memo: ready for Stripe Payment Link planning"
dake_booth_assist,app,BOOTHアシスト,300,JPY,booth_only,https://peakheadz.booth.pm/items/8447580,https://github.com/yukiPHZ/dake-series/releases/tag/DAKE_BOOTH_Assist_v1.0.0,01_apps/DAKE_BOOTH_Assist/ORIGINAL.md,create,api_candidate,price_ok,txcd_10202003,no,BOOTHアシスト,yes,"single DAKE app; API candidate with price, BOOTH URL, and source_original present; source memo: ready for Stripe Payment Link planning"
dake_column_memo,app,ずっとメモ,300,JPY,booth_only,https://peakheadz.booth.pm/items/8447582,https://github.com/yukiPHZ/dake-series/releases/tag/DAKE_Column_Memo_v1.0.0,01_apps/DAKE_Column_Memo/ORIGINAL.md,create,api_candidate,price_ok,txcd_10202003,no,ずっとメモ,yes,"single DAKE app; API candidate with price, BOOTH URL, and source_original present; source memo: ready for Stripe Payment Link planning"
dake_document_cover,app,Dake書類送付状,500,JPY,booth_only,https://peakheadz.booth.pm/items/8447586,https://github.com/yukiPHZ/dake-series/releases/tag/DAKE_Document_Cover-v1.0.0,01_apps/DAKE_Document_Cover/ORIGINAL.md,create,api_candidate,price_ok,txcd_10202003,no,Dake書類送付状,yes,"single DAKE app; API candidate with price, BOOTH URL, and source_original present; source memo: ready for Stripe Payment Link planning"
dake_fax_cover,app,DakeFAX送付状,500,JPY,booth_only,https://peakheadz.booth.pm/items/8447589,https://github.com/yukiPHZ/dake-series/releases/tag/DAKE_FAX_Cover_v1.0.0,01_apps/DAKE_FAX_Cover/ORIGINAL.md,create,api_candidate,price_ok,txcd_10202003,no,DakeFAX送付状,yes,"single DAKE app; API candidate with price, BOOTH URL, and source_original present; source memo: ready for Stripe Payment Link planning"
dake_folder_list,app,Dakeフォルダ一覧,300,JPY,booth_only,https://peakheadz.booth.pm/items/8447591,https://github.com/yukiPHZ/dake-series/releases/tag/DAKE_Folder_List_v1.0.0,01_apps/DAKE_Folder_List/ORIGINAL.md,create,api_candidate,price_ok,txcd_10202003,no,Dakeフォルダ一覧,yes,"single DAKE app; API candidate with price, BOOTH URL, and source_original present; source memo: ready for Stripe Payment Link planning"
dake_image_heictojpg,app,HEIC→JPG変換,500,JPY,booth_only,https://peakheadz.booth.pm/items/8447596,https://github.com/yukiPHZ/dake-series/releases/tag/DAKE_Image_HEICtoJPG_v1.0.0,01_apps/DAKE_Image_HEICtoJPG/ORIGINAL.md,create,api_candidate,price_ok,txcd_10202003,no,HEIC→JPG変換,yes,"single DAKE app; API candidate with price, BOOTH URL, and source_original present; source memo: ready for Stripe Payment Link planning"
dake_image_iphonetopc,app,Dake画像iPhoneToPC,500,JPY,booth_only,https://peakheadz.booth.pm/items/8447598,https://github.com/yukiPHZ/dake-series/releases/tag/DAKE_Image_iPhoneToPC_v1.0.0,01_apps/DAKE_Image_iPhoneToPC/ORIGINAL.md,create,api_candidate,price_ok,txcd_10202003,no,Dake画像iPhoneToPC,yes,"single DAKE app; API candidate with price, BOOTH URL, and source_original present; source memo: ready for Stripe Payment Link planning"
dake_image_receiver,app,DakeImage_Receiver,500,JPY,booth_only,https://peakheadz.booth.pm/items/8447600,https://github.com/yukiPHZ/dake-series/releases/tag/DAKE_Image_Receiver_v1.0.0,01_apps/DAKE_Image_Receiver/ORIGINAL.md,create,api_candidate,price_ok,txcd_10202003,no,DakeImage_Receiver,yes,"single DAKE app; API candidate with price, BOOTH URL, and source_original present; source memo: ready for Stripe Payment Link planning"
dake_image_topdf,app,DakeImageToPDF,500,JPY,booth_only,https://peakheadz.booth.pm/items/8397610,https://github.com/yukiPHZ/dake-series/releases/tag/DAKE_Image_ToPDF_v1.0.0,01_apps/DAKE_Image_ToPDF/ORIGINAL.md,create,api_candidate,price_ok,txcd_10202003,no,DakeImageToPDF,yes,"single DAKE app; API candidate with price, BOOTH URL, and source_original present; source memo: ready for Stripe Payment Link planning"
dake_launcher,app,Dakeランチャー,300,JPY,booth_only,https://peakheadz.booth.pm/items/8447994,https://github.com/yukiPHZ/dake-series/releases/tag/DAKE_Launcher_v1.0.0,01_apps/DAKE_Launcher/ORIGINAL.md,create,api_candidate,price_ok,txcd_10202003,no,Dakeランチャー,yes,"single DAKE app; API candidate with price, BOOTH URL, and source_original present; source memo: ready for Stripe Payment Link planning"
dake_mail_allstaff,app,Dake全社員メール起動,300,JPY,booth_only,https://peakheadz.booth.pm/items/8447998,https://github.com/yukiPHZ/dake-series/releases/tag/DAKE_Mail_AllStaff_v1.0.0,01_apps/DAKE_Mail_AllStaff/ORIGINAL.md,create,api_candidate,price_ok,txcd_10202003,no,Dake全社員メール起動,yes,"single DAKE app; API candidate with price, BOOTH URL, and source_original present; source memo: ready for Stripe Payment Link planning"
dake_mail_kikuta,app,Dake菊田メール,300,JPY,booth_only,https://peakheadz.booth.pm/items/8448003,https://github.com/yukiPHZ/dake-series/releases/tag/DAKE_Mail_Kikuta_v1.0.0,01_apps/DAKE_Mail_Kikuta/ORIGINAL.md,create,api_candidate,price_ok,txcd_10202003,no,Dake菊田メール,yes,"single DAKE app; API candidate with price, BOOTH URL, and source_original present; source memo: ready for Stripe Payment Link planning"
dake_mail_list,app,Dakeメールリスト,300,JPY,booth_only,https://peakheadz.booth.pm/items/8448014,https://github.com/yukiPHZ/dake-series/releases/tag/DAKE_Mail_List_v1.0.0,01_apps/DAKE_Mail_List/ORIGINAL.md,create,api_candidate,price_ok,txcd_10202003,no,Dakeメールリスト,yes,"single DAKE app; API candidate with price, BOOTH URL, and source_original present; source memo: ready for Stripe Payment Link planning"
dake_mansion_schedule,app,マンション工程表,500,JPY,booth_only,https://peakheadz.booth.pm/items/8448169,https://github.com/yukiPHZ/dake-series/releases/tag/DAKE_Mansion_Schedule_v1.0.0,01_apps/DAKE_Mansion_Schedule/ORIGINAL.md,create,api_candidate,price_ok,txcd_10202003,no,マンション工程表,yes,"single DAKE app; API candidate with price, BOOTH URL, and source_original present; source memo: ready for Stripe Payment Link planning"
dake_pdf_checkstamp,app,Dake確認印,500,JPY,booth_only,https://peakheadz.booth.pm/items/8448176,https://github.com/yukiPHZ/dake-series/releases/tag/DAKE_PDF_CheckStamp_v1.0.0,01_apps/DAKE_PDF_CheckStamp/ORIGINAL.md,create,api_candidate,price_ok,txcd_10202003,no,Dake確認印,yes,"single DAKE app; API candidate with price, BOOTH URL, and source_original present; source memo: ready for Stripe Payment Link planning"
dake_pdf_crop,app,DakePDFトリミング,500,JPY,booth_only,https://peakheadz.booth.pm/items/8448182,https://github.com/yukiPHZ/dake-series/releases/tag/DAKE_PDF_Crop_v1.0.0,01_apps/DAKE_PDF_Crop/ORIGINAL.md,create,api_candidate,price_ok,txcd_10202003,no,DakePDFトリミング,yes,"single DAKE app; API candidate with price, BOOTH URL, and source_original present; source memo: ready for Stripe Payment Link planning"
dake_pdf_lookhere,app,DakePDFここ見て,500,JPY,booth_only,https://peakheadz.booth.pm/items/8448187,https://github.com/yukiPHZ/dake-series/releases/tag/DAKE_PDF_LookHere_v1.0.0,01_apps/DAKE_PDF_LookHere/ORIGINAL.md,create,api_candidate,price_ok,txcd_10202003,no,DakePDFここ見て,yes,"single DAKE app; API candidate with price, BOOTH URL, and source_original present; source memo: ready for Stripe Payment Link planning"
dake_pdf_marker,app,DakePDFマーカー,500,JPY,booth_only,https://peakheadz.booth.pm/items/8448193,https://github.com/yukiPHZ/dake-series/releases/tag/DAKE_PDF_Marker_v1.0.0,01_apps/DAKE_PDF_Marker/ORIGINAL.md,create,api_candidate,price_ok,txcd_10202003,no,DakePDFマーカー,yes,"single DAKE app; API candidate with price, BOOTH URL, and source_original present; source memo: ready for Stripe Payment Link planning"
dake_pdf_merge_mini,app,DakePDF結合mini,500,JPY,booth_only,https://peakheadz.booth.pm/items/8448200,https://github.com/yukiPHZ/dake-series/releases/tag/DAKE_PDF_Merge_Mini_v1.0.0,01_apps/DAKE_PDF_Merge_Mini/ORIGINAL.md,create,api_candidate,price_ok,txcd_10202003,no,DakePDF結合mini,yes,"single DAKE app; API candidate with price, BOOTH URL, and source_original present; source memo: ready for Stripe Payment Link planning"
dake_pdf_overview_rename,app,DakePDF俯瞰名前変更,500,JPY,booth_only,https://peakheadz.booth.pm/items/8798555,https://github.com/yukiPHZ/dake-series/releases/tag/DAKE_PDF_OverviewRename_v1.0.0,01_apps/DAKE_PDF_OverviewRename/ORIGINAL.md,create,api_candidate,price_ok,txcd_10202003,no,DakePDF俯瞰名前変更,yes,"single DAKE app; API candidate with price, BOOTH URL, and source_original present; source memo: ready for Stripe Payment Link planning"
dake_pdf_rename,app,DakePDFファイル名整理,500,JPY,booth_only,https://peakheadz.booth.pm/items/8448204,https://github.com/yukiPHZ/dake-series/releases/tag/DAKE_PDF_Rename_v1.0.0,01_apps/DAKE_PDF_Rename/ORIGINAL.md,create,api_candidate,price_ok,txcd_10202003,no,DakePDFファイル名整理,yes,"single DAKE app; API candidate with price, BOOTH URL, and source_original present; source memo: ready for Stripe Payment Link planning"
dake_pdf_reorder,app,DakePDFページ並べ替え,500,JPY,booth_only,https://peakheadz.booth.pm/items/8448206,https://github.com/yukiPHZ/dake-series/releases/tag/DAKE_PDF_Reorder_v1.0.0,01_apps/DAKE_PDF_Reorder/ORIGINAL.md,create,api_candidate,price_ok,txcd_10202003,no,DakePDFページ並べ替え,yes,"single DAKE app; API candidate with price, BOOTH URL, and source_original present; source memo: ready for Stripe Payment Link planning"
dake_pdf_splitone,app,DakePDF分割One,500,JPY,booth_only,https://peakheadz.booth.pm/items/8448207,https://github.com/yukiPHZ/dake-series/releases/tag/DAKE_PDF_SplitOne_v1.0.0,01_apps/DAKE_PDF_SplitOne/ORIGINAL.md,create,api_candidate,price_ok,txcd_10202003,no,DakePDF分割One,yes,"single DAKE app; API candidate with price, BOOTH URL, and source_original present; source memo: ready for Stripe Payment Link planning"
dake_pdf_splitselect,app,DakePDF分割Select,500,JPY,booth_only,https://peakheadz.booth.pm/items/8448213,https://github.com/yukiPHZ/dake-series/releases/tag/DAKE_PDF_SplitSelect_v1.0.0,01_apps/DAKE_PDF_SplitSelect/ORIGINAL.md,create,api_candidate,price_ok,txcd_10202003,no,DakePDF分割Select,yes,"single DAKE app; API candidate with price, BOOTH URL, and source_original present; source memo: ready for Stripe Payment Link planning"
dake_pdf_toimages,app,DakePDFto画像,500,JPY,booth_only,https://peakheadz.booth.pm/items/8448216,https://github.com/yukiPHZ/dake-series/releases/tag/DAKE_PDF_ToImages_v1.0.0,01_apps/DAKE_PDF_ToImages/ORIGINAL.md,create,api_candidate,price_ok,txcd_10202003,no,DakePDFto画像,yes,"single DAKE app; API candidate with price, BOOTH URL, and source_original present; source memo: ready for Stripe Payment Link planning"
dake_pdf_viewer,app,DakePDF見る,500,JPY,booth_only,https://peakheadz.booth.pm/items/8448219,https://github.com/yukiPHZ/dake-series/releases/tag/DAKE_PDF_Viewer_v1.0.0,01_apps/DAKE_PDF_Viewer/ORIGINAL.md,create,api_candidate,price_ok,txcd_10202003,no,DakePDF見る,yes,"single DAKE app; API candidate with price, BOOTH URL, and source_original present; source memo: ready for Stripe Payment Link planning"
dake_price_apportionment,app,Dake価格按分,300,JPY,booth_only,https://peakheadz.booth.pm/items/8448222,https://github.com/yukiPHZ/dake-series/releases/tag/DAKE_Price_Apportionment_v1.0.0,01_apps/DAKE_Price_Apportionment/ORIGINAL.md,create,api_candidate,price_ok,txcd_10202003,no,Dake価格按分,yes,"single DAKE app; API candidate with price, BOOTH URL, and source_original present; source memo: ready for Stripe Payment Link planning"
dake_price_fixedtax,app,Dake固都税計算,300,JPY,booth_only,https://peakheadz.booth.pm/items/8448259,https://github.com/yukiPHZ/dake-series/releases/tag/DAKE_Price_FixedTax_v1.0.0,01_apps/DAKE_Price_FixedTax/ORIGINAL.md,create,api_candidate,price_ok,txcd_10202003,no,Dake固都税計算,yes,"single DAKE app; API candidate with price, BOOTH URL, and source_original present; source memo: ready for Stripe Payment Link planning"
dake_reform_progress,app,リフォーム進捗管理,500,JPY,booth_only,https://peakheadz.booth.pm/items/8448260,https://github.com/yukiPHZ/dake-series/releases/tag/DAKE_Reform_Progress_v1.0.0,01_apps/DAKE_Reform_Progress/ORIGINAL.md,create,api_candidate,price_ok,txcd_10202003,no,リフォーム進捗管理,yes,"single DAKE app; API candidate with price, BOOTH URL, and source_original present; source memo: ready for Stripe Payment Link planning"
dake_screen_webp,app,DakeScreen_WebP,300,JPY,booth_only,https://peakheadz.booth.pm/items/8448261,https://github.com/yukiPHZ/dake-series/releases/tag/DAKE_Screen_WebP_v1.0.0,01_apps/DAKE_Screen_WebP/ORIGINAL.md,create,api_candidate,price_ok,txcd_10202003,no,DakeScreen_WebP,yes,"single DAKE app; API candidate with price, BOOTH URL, and source_original present; source memo: ready for Stripe Payment Link planning"
dake_screenshot_print,app,Dakeスクショ印刷,500,JPY,booth_only,https://peakheadz.booth.pm/items/8448262,https://github.com/yukiPHZ/dake-series/releases/tag/DAKE_Screenshot_Print_v1.0.0,01_apps/DAKE_Screenshot_Print/ORIGINAL.md,create,api_candidate,price_ok,txcd_10202003,no,Dakeスクショ印刷,yes,"single DAKE app; API candidate with price, BOOTH URL, and source_original present; source memo: ready for Stripe Payment Link planning"
dake_two_person_memo,app,Dake二人メモ,300,JPY,booth_only,https://peakheadz.booth.pm/items/8448279,https://github.com/yukiPHZ/dake-series/releases/tag/DAKE_TwoPerson_Memo_v1.0.0,01_apps/DAKE_TwoPerson_Memo/ORIGINAL.md,create,api_candidate,price_ok,txcd_10202003,no,Dake二人メモ,yes,"single DAKE app; API candidate with price, BOOTH URL, and source_original present; source memo: ready for Stripe Payment Link planning"
dake_work_calendar,app,Dake工程カレンダー,500,JPY,booth_only,https://peakheadz.booth.pm/items/8448282,https://github.com/yukiPHZ/dake-series/releases/tag/DAKE_Work_Calendar_v1.0.0,01_apps/DAKE_Work_Calendar/ORIGINAL.md,create,api_candidate,price_ok,txcd_10202003,no,Dake工程カレンダー,yes,"single DAKE app; API candidate with price, BOOTH URL, and source_original present; source memo: ready for Stripe Payment Link planning"
dake_year_age,app,Dake築年数,300,JPY,booth_only,https://peakheadz.booth.pm/items/8448286,https://github.com/yukiPHZ/dake-series/releases/tag/DAKE_Year_Age_v1.0.0,01_apps/DAKE_Year_Age/ORIGINAL.md,create,api_candidate,price_ok,txcd_10202003,no,Dake築年数,yes,"single DAKE app; API candidate with price, BOOTH URL, and source_original present; source memo: ready for Stripe Payment Link planning"
dake_year_notice,app,Dake今年の注意点,300,JPY,booth_only,https://peakheadz.booth.pm/items/8448289,https://github.com/yukiPHZ/dake-series/releases/tag/DAKE_Year_Notice_v1.0.0,01_apps/DAKE_Year_Notice/ORIGINAL.md,create,api_candidate,price_ok,txcd_10202003,no,Dake今年の注意点,yes,"single DAKE app; API candidate with price, BOOTH URL, and source_original present; source memo: ready for Stripe Payment Link planning"
game_alien_road,app,DakeAlien Road,300,JPY,booth_only,https://peakheadz.booth.pm/items/8449213,https://github.com/yukiPHZ/dake-series/releases/tag/DAKE_Game_Alien_Road_v1.0.0,01_apps/DAKE_Game_Alien_Road/ORIGINAL.md,create,api_candidate,price_ok,txcd_10201000,yes,DakeAlien Road,yes,"single DAKE game app; API candidate, but tax_code review is required; source memo: ready for Stripe Payment Link planning"
game_diver_catch,app,Dake潜って捕る,300,JPY,booth_only,https://peakheadz.booth.pm/items/8449218,https://github.com/yukiPHZ/dake-series/releases/tag/DAKE_Game_Diver_Catch_v1.0.0,01_apps/DAKE_Game_Diver_Catch/ORIGINAL.md,create,api_candidate,price_ok,txcd_10201000,yes,Dake潜って捕る,yes,"single DAKE game app; API candidate, but tax_code review is required; source memo: ready for Stripe Payment Link planning"
video_shorts_cut,app,Dakeショート切り出し,500,JPY,preparing,,https://github.com/yukiPHZ/dake-series/releases/tag/DAKE_Video_Shorts_Cut_v1.0.0,01_apps/DAKE_Video_Shorts_Cut/ORIGINAL.md,hold,hold,price_ok,txcd_10202003,no,Dakeショート切り出し,partial,payment_status=preparing; BOOTH URL and sales flow are not confirmed; source memo: preparing item; do not create Stripe link yet
DAKE_Pack_Document,pack,DAKE 書類整理パック,1480,JPY,booth_only,https://peakheadz.booth.pm/items/8448353,,04_packs/DAKE_Pack_Document/ORIGINAL.md,manual,manual_dashboard,price_ok,txcd_10202003,no,DAKE 書類整理パック,partial,"Pack item; create manually first because github_release_url is empty and pack_ready, BOOTH flow, and post-purchase guidance need individual review; source memo: github_release_url missing; acceptable for packs if delivery policy is separate"
DAKE_Pack_Memo,pack,DAKE メモと記録パック,980,JPY,booth_only,https://peakheadz.booth.pm/items/8449208,,04_packs/DAKE_Pack_Memo/ORIGINAL.md,manual,manual_dashboard,price_ok,txcd_10202003,no,DAKE メモと記録パック,partial,"Pack item; create manually first because github_release_url is empty and pack_ready, BOOTH flow, and post-purchase guidance need individual review; source memo: github_release_url missing; acceptable for packs if delivery policy is separate"
