id,type,title,price,currency,tax_code_candidate,source_original,booth_url,github_release_url,product_name,description_check,metadata_ready,product_payload_sha256,price_payload_sha256,payment_link_payload_sha256,product_idempotency_key,price_idempotency_key,payment_link_idempotency_key,live_dry_run_ready,notes
DAKE_App_Doko,app,アプリどこ,300,jpy,txcd_10202003,01_apps/DAKE_App_Doko/ORIGINAL.md,https://peakheadz.booth.pm/items/8447573,https://github.com/yukiPHZ/dake-series/releases/tag/DAKE_App_Doko_v1.0.0,アプリどこ,ok,yes,e67f6c529612bc95d84a94b3db2dc087229618c4604ba4236b1173ec3a64fc13,deba607783c060a3a9a41489310b023bfa3f965242966cbc922ffa6c97fda3b0,e6b2523744afa18f93e7b6c925bba500708c1fd5cf761202823f39fc349ca590,dake-live-product-v1-DAKE_App_Doko-e67f6c529612,dake-live-price-v1-DAKE_App_Doko-deba607783c0,dake-live-link-v1-DAKE_App_Doko-e6b2523744af,yes,ok
DAKE_Backup,app,Dakeバックアップ,500,jpy,txcd_10202003,01_apps/DAKE_Backup/ORIGINAL.md,https://peakheadz.booth.pm/items/8447578,https://github.com/yukiPHZ/dake-series/releases/tag/DAKE_Backup_v1.0.0,Dakeバックアップ,ok,yes,5a79e4048ca4ffb86c7027acc6712cf2d749f2e56945d7cf5d85f4e49eb33a0c,3abbce0a11bd5e331893a947ba9507c178dbf9b9946bbe9bd7402e316c13c4fb,309eff6b6258141dd644cb011745696cea7568356039072fcff14b1ef3e22a5b,dake-live-product-v1-DAKE_Backup-5a79e4048ca4,dake-live-price-v1-DAKE_Backup-3abbce0a11bd,dake-live-link-v1-DAKE_Backup-309eff6b6258,yes,ok
DAKE_Git_Memo,app,DakeGitメモ,500,jpy,txcd_10202003,01_apps/DAKE_Git_Memo/ORIGINAL.md,https://peakheadz.booth.pm/items/8447593,https://github.com/yukiPHZ/dake-series/releases/tag/DAKE_Git_Memo_v1.0.0,DakeGitメモ,ok,yes,7ace0c674e21e5799c691868bb0aa8733c92dbe7a95a30e1b6d586558a8f7b74,e84bb74411ad4246a6aa45b36fff530c70fa85b3660749dc04541eada7bf3cde,bcc0e9e1ef2914ea74aa82323eaf79c24a60b82ea5776b1a1b377a28de30627e,dake-live-product-v1-DAKE_Git_Memo-7ace0c674e21,dake-live-price-v1-DAKE_Git_Memo-e84bb74411ad,dake-live-link-v1-DAKE_Git_Memo-bcc0e9e1ef29,yes,ok
DAKE_Image_PasteA4,app,貼る,500,jpy,txcd_10202003,01_apps/DAKE_Image_PasteA4/ORIGINAL.md,https://peakheadz.booth.pm/items/8397628,https://github.com/yukiPHZ/dake-series/releases/tag/DAKE_Image_PasteA4_v1.0.0,貼る,ok,yes,1f88bb6b89e4efc46d48ea908a37b227da9daf8806d324a6d4dfcf8c32025a2a,ee1475b5988704f7f868bba874050dc3947fce849307ac9be2f9aab903ece288,8d40c42226685d65f2e009a14d0208be5932b9b102bda4f9f36b43cf6b0406fa,dake-live-product-v1-DAKE_Image_PasteA4-1f88bb6b89e4,dake-live-price-v1-DAKE_Image_PasteA4-ee1475b59887,dake-live-link-v1-DAKE_Image_PasteA4-8d40c4222668,yes,ok
DAKE_Mail_Address_Format,app,Dakeメールアドレス整形,300,jpy,txcd_10202003,01_apps/DAKE_Mail_Address_Format/ORIGINAL.md,https://peakheadz.booth.pm/items/8447996,https://github.com/yukiPHZ/dake-series/releases/tag/DAKE_Mail_Address_Format_v1.0.0,Dakeメールアドレス整形,ok,yes,634ee903b6001222280a76c93b20cf5b6072cfd740d26c8a1653369435aa756e,be0c513e1d4328c86fb125b77d95f4392c719a96ea72116fc08cd271420c042e,312f44985930c21f98895902b9a422621c2aac1d00f554165139ffda253d4b32,dake-live-product-v1-DAKE_Mail_Address_Format-634ee903b600,dake-live-price-v1-DAKE_Mail_Address_Format-be0c513e1d43,dake-live-link-v1-DAKE_Mail_Address_Format-312f44985930,yes,ok
DAKE_Mail_Draft,app,Dakeメール下書き,300,jpy,txcd_10202003,01_apps/DAKE_Mail_Draft/ORIGINAL.md,https://peakheadz.booth.pm/items/8448001,https://github.com/yukiPHZ/dake-series/releases/tag/DAKE_Mail_Draft_v1.0.0,Dakeメール下書き,ok,yes,8e245af857a42d2e35c3fc7cc0782eea5d127d4e460afd878e86fe8613788cb8,4d2cbc11f52cbc222076fa01a901990fd337f0b04fb1b04a712920e095229274,17fb31637059b421f338cc521d9bfc43fd950d97da0ebc1b2be7d00150606c28,dake-live-product-v1-DAKE_Mail_Draft-8e245af857a4,dake-live-price-v1-DAKE_Mail_Draft-4d2cbc11f52c,dake-live-link-v1-DAKE_Mail_Draft-17fb31637059,yes,ok
DAKE_Maji_Memo,app,マジでメモ,300,jpy,txcd_10202003,01_apps/DAKE_Maji_Memo/ORIGINAL.md,https://peakheadz.booth.pm/items/8448021,https://github.com/yukiPHZ/dake-series/releases/tag/DAKE_Maji_Memo_v1.0.0,マジでメモ,ok,yes,0e86ea3a1ec7ed6a68cdca05ff1ac86b5a33595381531678e81dfd5cd9999d7b,b016ec426b97f4acf2b791ef65ad363f5df88446c8bc201ecba483eca15dd792,77c4f367d59f587e6c00ab350aa1827afbab980f25864b7e072cc9186d83f517,dake-live-product-v1-DAKE_Maji_Memo-0e86ea3a1ec7,dake-live-price-v1-DAKE_Maji_Memo-b016ec426b97,dake-live-link-v1-DAKE_Maji_Memo-77c4f367d59f,yes,ok
DAKE_Sticky_Memo,app,付箋メモ,300,jpy,txcd_10202003,01_apps/DAKE_Sticky_Memo/ORIGINAL.md,https://peakheadz.booth.pm/items/8448263,https://github.com/yukiPHZ/dake-series/releases/tag/DAKE_Sticky_Memo_v1.0.0,付箋メモ,ok,yes,4524c8cd7e633648a8ed61c3b9bc17745b26f70e9447ec9d0b2d26d1a973b8c8,a46e6eccfb8bd14eb477282dfb60b6443c63a13f8e6de87eb6dc10e12da4c451,2a605ffbbdcb7358a394dd51a6b5f325fb350ef2412d5d71416df4e8a594ed5f,dake-live-product-v1-DAKE_Sticky_Memo-4524c8cd7e63,dake-live-price-v1-DAKE_Sticky_Memo-a46e6eccfb8b,dake-live-link-v1-DAKE_Sticky_Memo-2a605ffbbdcb,yes,ok
DAKE_Yesterday_Task_Memo,app,Dake昨日タスクメモ,300,jpy,txcd_10202003,01_apps/DAKE_Yesterday_Task_Memo/ORIGINAL.md,https://peakheadz.booth.pm/items/8448291,https://github.com/yukiPHZ/dake-series/releases/tag/DAKE_Yesterday_Task_Memo_v1.0.0,Dake昨日タスクメモ,ok,yes,c8c0369fed2e4794149df3959102b404520e7c4d0bd34180ac72e72eaeda1500,72ab46af87ca236af27feb792396315f856435b5bf9c55cbbd4d2c56d6c38527,1bb8bf5aa1602605ffcbd52d45b624152cfb6714a895a67d287fa017d34eb49a,dake-live-product-v1-DAKE_Yesterday_Task_Memo-c8c0369fed2e,dake-live-price-v1-DAKE_Yesterday_Task_Memo-72ab46af87ca,dake-live-link-v1-DAKE_Yesterday_Task_Memo-1bb8bf5aa160,yes,ok
dake_booth_assist,app,BOOTHアシスト,300,jpy,txcd_10202003,01_apps/DAKE_BOOTH_Assist/ORIGINAL.md,https://peakheadz.booth.pm/items/8447580,https://github.com/yukiPHZ/dake-series/releases/tag/DAKE_BOOTH_Assist_v1.0.0,BOOTHアシスト,ok,yes,85627be289ec12298fb18f69ffd78a2cb90161a492b27b969e8e9a29d29bf726,7e60be90ec3dfae31a925b9aec63538b95770b8a2c8450d099e41c0cea7d9c28,f60edab9fec3ed69ce5abe45ae5f355a47c3f9945922295c2f1dd370fcbedf9a,dake-live-product-v1-dake_booth_assist-85627be289ec,dake-live-price-v1-dake_booth_assist-7e60be90ec3d,dake-live-link-v1-dake_booth_assist-f60edab9fec3,yes,ok
dake_column_memo,app,ずっとメモ,300,jpy,txcd_10202003,01_apps/DAKE_Column_Memo/ORIGINAL.md,https://peakheadz.booth.pm/items/8447582,https://github.com/yukiPHZ/dake-series/releases/tag/DAKE_Column_Memo_v1.0.0,ずっとメモ,ok,yes,8b31496770c3ae1fc37623a09c2196956f597af6fd75baea9859585250e73ac2,cb6269b4c7c9dc7c6748b14e2160beae66148b7335f43f0f24d5a04ebe9a9c74,fc06c8dab6afcb0889a61d04bb753fa7f39b82ee0ea41e17b413a38319564a40,dake-live-product-v1-dake_column_memo-8b31496770c3,dake-live-price-v1-dake_column_memo-cb6269b4c7c9,dake-live-link-v1-dake_column_memo-fc06c8dab6af,yes,ok
dake_document_cover,app,Dake書類送付状,500,jpy,txcd_10202003,01_apps/DAKE_Document_Cover/ORIGINAL.md,https://peakheadz.booth.pm/items/8447586,https://github.com/yukiPHZ/dake-series/releases/tag/DAKE_Document_Cover-v1.0.0,Dake書類送付状,ok,yes,5296303beafd47cf23f70c20c1d77ffdf2968355df4abfd4b06e5889eda1fd84,fb2b6b534970e146082147d1a252ee8da48b22d8f90c0fba242e615cb5d4714a,8324cacb8f65c9c0c1b71b9aa696f9b2bf60fb6ef5f141f47652cebfea0be94b,dake-live-product-v1-dake_document_cover-5296303beafd,dake-live-price-v1-dake_document_cover-fb2b6b534970,dake-live-link-v1-dake_document_cover-8324cacb8f65,yes,ok
dake_fax_cover,app,DakeFAX送付状,500,jpy,txcd_10202003,01_apps/DAKE_FAX_Cover/ORIGINAL.md,https://peakheadz.booth.pm/items/8447589,https://github.com/yukiPHZ/dake-series/releases/tag/DAKE_FAX_Cover_v1.0.0,DakeFAX送付状,ok,yes,678fccdd4e013242d86edd1bcce3083f521cb0553d2baabfd11de040a9d2a4fd,62046f34ca25d0721d8ff0e551fb985c93dc9cf13afa09ded7347d7262f15895,6b426ac6abdf5aa4f0f68f1ad4449f1670c32806f8d928c13caa4c3f8f88e437,dake-live-product-v1-dake_fax_cover-678fccdd4e01,dake-live-price-v1-dake_fax_cover-62046f34ca25,dake-live-link-v1-dake_fax_cover-6b426ac6abdf,yes,ok
dake_folder_list,app,Dakeフォルダ一覧,300,jpy,txcd_10202003,01_apps/DAKE_Folder_List/ORIGINAL.md,https://peakheadz.booth.pm/items/8447591,https://github.com/yukiPHZ/dake-series/releases/tag/DAKE_Folder_List_v1.0.0,Dakeフォルダ一覧,ok,yes,8adb058cdde70eb9e9cf03d971853de7ad3db7a3ffca7de24bbf43b802041f91,f816be9795be49200edf479502d876b7898a02212085079fcba124e764a14b9d,cd9a541bd7fbd99b48ecbab1c679f3a8de7d80e801ff594354c9b077b0fdcbd0,dake-live-product-v1-dake_folder_list-8adb058cdde7,dake-live-price-v1-dake_folder_list-f816be9795be,dake-live-link-v1-dake_folder_list-cd9a541bd7fb,yes,ok
dake_image_heictojpg,app,HEIC→JPG変換,500,jpy,txcd_10202003,01_apps/DAKE_Image_HEICtoJPG/ORIGINAL.md,https://peakheadz.booth.pm/items/8447596,https://github.com/yukiPHZ/dake-series/releases/tag/DAKE_Image_HEICtoJPG_v1.0.0,HEIC→JPG変換,ok,yes,e8a161b9bbd787cf7cd4e0df356005e6e03deabfc9dbc662f8178dae13b76a5e,c2e20e5fbdbdbe002383cd3fda5b49cd43b59316e7cd1811856df41e3106de6e,31732c223cb0f2c4235f275ae6e8bd2bdc6b3ef651862151183616ac3dca9960,dake-live-product-v1-dake_image_heictojpg-e8a161b9bbd7,dake-live-price-v1-dake_image_heictojpg-c2e20e5fbdbd,dake-live-link-v1-dake_image_heictojpg-31732c223cb0,yes,ok
dake_image_iphonetopc,app,Dake画像iPhoneToPC,500,jpy,txcd_10202003,01_apps/DAKE_Image_iPhoneToPC/ORIGINAL.md,https://peakheadz.booth.pm/items/8447598,https://github.com/yukiPHZ/dake-series/releases/tag/DAKE_Image_iPhoneToPC_v1.0.0,Dake画像iPhoneToPC,ok,yes,b59effa46ca809d78254063442b4ed23121a2d680b7870ab13a90e10b49f51c4,786214ab9195d4de60198bacaa236e912ce7598dbbe654bbd53edcefdeba8f90,130be0db1a6bfe0b9ca16f8e81c7e13941c1c75ea907e3a07cf7b61229d5a14f,dake-live-product-v1-dake_image_iphonetopc-b59effa46ca8,dake-live-price-v1-dake_image_iphonetopc-786214ab9195,dake-live-link-v1-dake_image_iphonetopc-130be0db1a6b,yes,ok
dake_image_receiver,app,DakeImage_Receiver,500,jpy,txcd_10202003,01_apps/DAKE_Image_Receiver/ORIGINAL.md,https://peakheadz.booth.pm/items/8447600,https://github.com/yukiPHZ/dake-series/releases/tag/DAKE_Image_Receiver_v1.0.0,DakeImage_Receiver,ok,yes,db45edf6dfc991d1e85222d3a5d8146bb3fe6d748d72f5357857bf78fe73d5ad,4ce97222e76d3042526fc012e6c224f32b3662346489467e68406b7aafa8e1fb,eef1dd1253446cca9b4989ccbab95df2be9c9f56db19b539ddc5e53298458d82,dake-live-product-v1-dake_image_receiver-db45edf6dfc9,dake-live-price-v1-dake_image_receiver-4ce97222e76d,dake-live-link-v1-dake_image_receiver-eef1dd125344,yes,ok
dake_image_topdf,app,DakeImageToPDF,500,jpy,txcd_10202003,01_apps/DAKE_Image_ToPDF/ORIGINAL.md,https://peakheadz.booth.pm/items/8397610,https://github.com/yukiPHZ/dake-series/releases/tag/DAKE_Image_ToPDF_v1.0.0,DakeImageToPDF,ok,yes,9b6f33b50398e0c63e65d8f476b85cc60e6e50ef4b4b071b24e1c363fcc5216c,114682fa919b4516f4b5d2f4c13e769d9e9ab37dd36183c50f07079801f06f67,22ae5770b9ccac772748bc8230a735e99557a9a0968ccb077137e9f95a950580,dake-live-product-v1-dake_image_topdf-9b6f33b50398,dake-live-price-v1-dake_image_topdf-114682fa919b,dake-live-link-v1-dake_image_topdf-22ae5770b9cc,yes,ok
dake_launcher,app,Dakeランチャー,300,jpy,txcd_10202003,01_apps/DAKE_Launcher/ORIGINAL.md,https://peakheadz.booth.pm/items/8447994,https://github.com/yukiPHZ/dake-series/releases/tag/DAKE_Launcher_v1.0.0,Dakeランチャー,ok,yes,7ada5064b9a2b7578ce2f3cf47b1b3638d46d93ed59117dc4d7f0717f046d401,4433531cf545f4cc01d97ff6f7b09f4dc5440067a08b5b422d1ab86c863ed674,afae9ea6af1465fb39b27aa0200e90c6972a5b81228306857a70fa94ea2189cf,dake-live-product-v1-dake_launcher-7ada5064b9a2,dake-live-price-v1-dake_launcher-4433531cf545,dake-live-link-v1-dake_launcher-afae9ea6af14,yes,ok
dake_mail_allstaff,app,Dake全社員メール起動,300,jpy,txcd_10202003,01_apps/DAKE_Mail_AllStaff/ORIGINAL.md,https://peakheadz.booth.pm/items/8447998,https://github.com/yukiPHZ/dake-series/releases/tag/DAKE_Mail_AllStaff_v1.0.0,Dake全社員メール起動,ok,yes,1482cd83ac63160dbc8fb0d5168901b281a041beac4db58cd18a28495663fd25,0c86c36ce5caa6fda8d1f582eea1dc3b8c90748d07aaf7b3a0c4451f39a65ed0,30903139d1d1287482d324bedf64414e1edfc4b481385121180a1c83ffde311e,dake-live-product-v1-dake_mail_allstaff-1482cd83ac63,dake-live-price-v1-dake_mail_allstaff-0c86c36ce5ca,dake-live-link-v1-dake_mail_allstaff-30903139d1d1,yes,ok
dake_mail_kikuta,app,Dake菊田メール,300,jpy,txcd_10202003,01_apps/DAKE_Mail_Kikuta/ORIGINAL.md,https://peakheadz.booth.pm/items/8448003,https://github.com/yukiPHZ/dake-series/releases/tag/DAKE_Mail_Kikuta_v1.0.0,Dake菊田メール,ok,yes,8672d4595cc973bfe9b2b8fd0035343c0a5ea4359e1a7d1b2396077ae15fd4ab,3d7d0c6fb5239c35a5d710263504cafcb00f2821429bd84ea5ade4e02abd2987,000f27901ec302d31518384341b6eac60607f67333c975cd9320b1c98cff6625,dake-live-product-v1-dake_mail_kikuta-8672d4595cc9,dake-live-price-v1-dake_mail_kikuta-3d7d0c6fb523,dake-live-link-v1-dake_mail_kikuta-000f27901ec3,yes,ok
dake_mail_list,app,Dakeメールリスト,300,jpy,txcd_10202003,01_apps/DAKE_Mail_List/ORIGINAL.md,https://peakheadz.booth.pm/items/8448014,https://github.com/yukiPHZ/dake-series/releases/tag/DAKE_Mail_List_v1.0.0,Dakeメールリスト,ok,yes,c610f81df29f6f5e3ed3e74110b05ac6190caa9ab88fe9abaf593196384d9eab,b2167e85a43a86e4a5ad23f0eac859dca77fabe02e7b952e69df25a260f4f85f,cd3b5dccea533f5fc30e18fca24aa2547cf28579a6369f828ee773716ccd6d63,dake-live-product-v1-dake_mail_list-c610f81df29f,dake-live-price-v1-dake_mail_list-b2167e85a43a,dake-live-link-v1-dake_mail_list-cd3b5dccea53,yes,ok
dake_mansion_schedule,app,マンション工程表,500,jpy,txcd_10202003,01_apps/DAKE_Mansion_Schedule/ORIGINAL.md,https://peakheadz.booth.pm/items/8448169,https://github.com/yukiPHZ/dake-series/releases/tag/DAKE_Mansion_Schedule_v1.0.0,マンション工程表,ok,yes,3e82d3cfedfaf15ca564fe12c52de99defad12971b267976b9bf2c371491da63,ef0c0b78b3a1db22257555bef7357603b00ce359eb3429cacb4c789264606c40,7a0b1157171617649996ac43f38a3e930b4809ef3d969b5cd0c73686081fb866,dake-live-product-v1-dake_mansion_schedule-3e82d3cfedfa,dake-live-price-v1-dake_mansion_schedule-ef0c0b78b3a1,dake-live-link-v1-dake_mansion_schedule-7a0b11571716,yes,ok
dake_pdf_checkstamp,app,Dake確認印,500,jpy,txcd_10202003,01_apps/DAKE_PDF_CheckStamp/ORIGINAL.md,https://peakheadz.booth.pm/items/8448176,https://github.com/yukiPHZ/dake-series/releases/tag/DAKE_PDF_CheckStamp_v1.0.0,Dake確認印,ok,yes,2e6c897b35318ccf2ff2f6983f21ca17caf326fa17252738b8925e0006d9ecda,67bfe786f51fc349bca760e4e845e4e9e99e0dc722faca75a926da07e88cc355,a628c16668e59ddc1f8248ed8d9455293f39758df6bf32d37410390d9013d4ec,dake-live-product-v1-dake_pdf_checkstamp-2e6c897b3531,dake-live-price-v1-dake_pdf_checkstamp-67bfe786f51f,dake-live-link-v1-dake_pdf_checkstamp-a628c16668e5,yes,ok
dake_pdf_crop,app,DakePDFトリミング,500,jpy,txcd_10202003,01_apps/DAKE_PDF_Crop/ORIGINAL.md,https://peakheadz.booth.pm/items/8448182,https://github.com/yukiPHZ/dake-series/releases/tag/DAKE_PDF_Crop_v1.0.0,DakePDFトリミング,ok,yes,ee6068a4a4cbb170ca51ebc2f53bdf8b5033dba075f3458d6203b18268718e88,b7f33720696b51fc36d1d7a86758d998dec2f4624c079c4475c9f9c997f6c117,48e3bd4eaee77d7fd5fb94209bf989a1ab90853a5e701606bb1f140e8675f7d9,dake-live-product-v1-dake_pdf_crop-ee6068a4a4cb,dake-live-price-v1-dake_pdf_crop-b7f33720696b,dake-live-link-v1-dake_pdf_crop-48e3bd4eaee7,yes,ok
dake_pdf_lookhere,app,DakePDFここ見て,500,jpy,txcd_10202003,01_apps/DAKE_PDF_LookHere/ORIGINAL.md,https://peakheadz.booth.pm/items/8448187,https://github.com/yukiPHZ/dake-series/releases/tag/DAKE_PDF_LookHere_v1.0.0,DakePDFここ見て,ok,yes,c9f3632637fae586dceda0fd2088c56fa6e1385347ea6e65272b36cd05f5bf87,230c4df1bbfb95d8c8d675984a655683cbe425b4b7397d9eb535b4bf9e41a381,284b62182dfe8028b376d63290f2680bde6eecbb72a2fcc16400c55b233ae18e,dake-live-product-v1-dake_pdf_lookhere-c9f3632637fa,dake-live-price-v1-dake_pdf_lookhere-230c4df1bbfb,dake-live-link-v1-dake_pdf_lookhere-284b62182dfe,yes,ok
dake_pdf_marker,app,DakePDFマーカー,500,jpy,txcd_10202003,01_apps/DAKE_PDF_Marker/ORIGINAL.md,https://peakheadz.booth.pm/items/8448193,https://github.com/yukiPHZ/dake-series/releases/tag/DAKE_PDF_Marker_v1.0.0,DakePDFマーカー,ok,yes,2cd120f8fe0424e38615abf5f38f23dfbe067f86ddc657ba02d24fa69c3ed7b4,7f53d58f579dea627dd5cae715f8ef2648f372f6d8375c58a3684100e8942d60,1535c773bfc84fbf65bacffaf2e807a4670ebf63ae52e3a7a33af4e9f3be4ad2,dake-live-product-v1-dake_pdf_marker-2cd120f8fe04,dake-live-price-v1-dake_pdf_marker-7f53d58f579d,dake-live-link-v1-dake_pdf_marker-1535c773bfc8,yes,ok
dake_pdf_merge_mini,app,DakePDF結合mini,500,jpy,txcd_10202003,01_apps/DAKE_PDF_Merge_Mini/ORIGINAL.md,https://peakheadz.booth.pm/items/8448200,https://github.com/yukiPHZ/dake-series/releases/tag/DAKE_PDF_Merge_Mini_v1.0.0,DakePDF結合mini,ok,yes,627e9723c78a6a5b47ae03175f088850df24b7cc130e9aed0f5e69725cc2c0da,30dc5a3321733d425e7fc26fa6aa7cbd2be3d2054f107f73bb2c638ffe8f94dc,37d9ca9a540185c785482c647054a861cdc9a524b78928f54fad9433099ae71f,dake-live-product-v1-dake_pdf_merge_mini-627e9723c78a,dake-live-price-v1-dake_pdf_merge_mini-30dc5a332173,dake-live-link-v1-dake_pdf_merge_mini-37d9ca9a5401,yes,ok
dake_pdf_rename,app,DakePDFファイル名整理,500,jpy,txcd_10202003,01_apps/DAKE_PDF_Rename/ORIGINAL.md,https://peakheadz.booth.pm/items/8448204,https://github.com/yukiPHZ/dake-series/releases/tag/DAKE_PDF_Rename_v1.0.0,DakePDFファイル名整理,ok,yes,899e58b4da46ad03815a25de8b36896e631abb87980718d5397f5827c7698e81,6bb2b6a7fe9cc13ff2e4a91e426318663dac70d81869644ee1ad8278a4846b80,532a87632735cb15f44e0498b7d7dfb230641f3ae9841ce1b9576cce42afe0fb,dake-live-product-v1-dake_pdf_rename-899e58b4da46,dake-live-price-v1-dake_pdf_rename-6bb2b6a7fe9c,dake-live-link-v1-dake_pdf_rename-532a87632735,yes,ok
dake_pdf_reorder,app,DakePDFページ並べ替え,500,jpy,txcd_10202003,01_apps/DAKE_PDF_Reorder/ORIGINAL.md,https://peakheadz.booth.pm/items/8448206,https://github.com/yukiPHZ/dake-series/releases/tag/DAKE_PDF_Reorder_v1.0.0,DakePDFページ並べ替え,ok,yes,742c7a6728d0920a622539e08f9ca34343d80cad891943c3cb3f3e1926bec81f,e929f8ce8d48ae81a0be1f01a25ebcffe78314d75601462d3b2ed9c7c01c24a4,66e99771c7c6c1771896475264bb32cbe197748cc54675d66049a3e55a369158,dake-live-product-v1-dake_pdf_reorder-742c7a6728d0,dake-live-price-v1-dake_pdf_reorder-e929f8ce8d48,dake-live-link-v1-dake_pdf_reorder-66e99771c7c6,yes,ok
dake_pdf_splitone,app,DakePDF分割One,500,jpy,txcd_10202003,01_apps/DAKE_PDF_SplitOne/ORIGINAL.md,https://peakheadz.booth.pm/items/8448207,https://github.com/yukiPHZ/dake-series/releases/tag/DAKE_PDF_SplitOne_v1.0.0,DakePDF分割One,ok,yes,35bd4269728223be42e974e951f2c10831ccbc37dcdc854a0b4a2fd0dbd6b535,abd2ffbb77165b5e6e66dd060b40d981f01fbb7aa0a43bc484a9d0e5498176f2,ec04cfc94ca6f02d9b7e109ba7c73c8023888a983182a38fe91f18082d69eb61,dake-live-product-v1-dake_pdf_splitone-35bd42697282,dake-live-price-v1-dake_pdf_splitone-abd2ffbb7716,dake-live-link-v1-dake_pdf_splitone-ec04cfc94ca6,yes,ok
dake_pdf_splitselect,app,DakePDF分割Select,500,jpy,txcd_10202003,01_apps/DAKE_PDF_SplitSelect/ORIGINAL.md,https://peakheadz.booth.pm/items/8448213,https://github.com/yukiPHZ/dake-series/releases/tag/DAKE_PDF_SplitSelect_v1.0.0,DakePDF分割Select,ok,yes,41370f9033d1a18ebde4751664462b041824023c5653aee68cf3b52a3389aca3,008a6a6db11b6c379c598b01a1fe3c7608d8f13b47b3ab2d5cb2f942f3bc5cb5,7f87ffbedae5ae6c91a3eb13e5e49becb8823f1aae6d6d07334868762d160b84,dake-live-product-v1-dake_pdf_splitselect-41370f9033d1,dake-live-price-v1-dake_pdf_splitselect-008a6a6db11b,dake-live-link-v1-dake_pdf_splitselect-7f87ffbedae5,yes,ok
dake_pdf_toimages,app,DakePDFto画像,500,jpy,txcd_10202003,01_apps/DAKE_PDF_ToImages/ORIGINAL.md,https://peakheadz.booth.pm/items/8448216,https://github.com/yukiPHZ/dake-series/releases/tag/DAKE_PDF_ToImages_v1.0.0,DakePDFto画像,ok,yes,5690d497493cf95db74477848e02cf4c72891d7aaa53765f35c049d07036ed87,49a823f5e37970f0a7b57b530f062792c1c4e9b3494507ad8daa8f2f3b31cb13,ab326d1fd516de06ca8a446eb1dbe04a4db3f43fa8e9472037e61eea85217ccb,dake-live-product-v1-dake_pdf_toimages-5690d497493c,dake-live-price-v1-dake_pdf_toimages-49a823f5e379,dake-live-link-v1-dake_pdf_toimages-ab326d1fd516,yes,ok
dake_pdf_viewer,app,DakePDF見る,500,jpy,txcd_10202003,01_apps/DAKE_PDF_Viewer/ORIGINAL.md,https://peakheadz.booth.pm/items/8448219,https://github.com/yukiPHZ/dake-series/releases/tag/DAKE_PDF_Viewer_v1.0.0,DakePDF見る,ok,yes,a51f1781c40f77bea4b713f29cdd30daf2a2e946ab746c3314844392eb1aafb2,df00cb705ada38076e14e9f6c9fafda85c2f9bdda51a2ee62129e82927d51091,f750e6e61b9b52ecbe9cfc3ddfa333323e40fb36a24f38bb86f06fae0645a2a8,dake-live-product-v1-dake_pdf_viewer-a51f1781c40f,dake-live-price-v1-dake_pdf_viewer-df00cb705ada,dake-live-link-v1-dake_pdf_viewer-f750e6e61b9b,yes,ok
dake_price_apportionment,app,Dake価格按分,300,jpy,txcd_10202003,01_apps/DAKE_Price_Apportionment/ORIGINAL.md,https://peakheadz.booth.pm/items/8448222,https://github.com/yukiPHZ/dake-series/releases/tag/DAKE_Price_Apportionment_v1.0.0,Dake価格按分,ok,yes,6d3fbbf5106acb830566e6643ec1cad1796c0027ea58e2503ca51e6c6ef69177,e6fbece74f7b7ab95185c4bdda8c514678274d8a9b49ec920d0a178644d2e2d6,6b29dabada1240e4b20dc0e5ef03be08131d4bac8e9675a15a11aa1d33bda2a6,dake-live-product-v1-dake_price_apportionment-6d3fbbf5106a,dake-live-price-v1-dake_price_apportionment-e6fbece74f7b,dake-live-link-v1-dake_price_apportionment-6b29dabada12,yes,ok
dake_price_fixedtax,app,Dake固都税計算,300,jpy,txcd_10202003,01_apps/DAKE_Price_FixedTax/ORIGINAL.md,https://peakheadz.booth.pm/items/8448259,https://github.com/yukiPHZ/dake-series/releases/tag/DAKE_Price_FixedTax_v1.0.0,Dake固都税計算,ok,yes,c4b910e7dea45174d284715adace594d5f4cc1013280d93f8a0a2664454492c7,6929d3cd5b9760ee1e1dce0be3a3f405ce6b9f31393855468ad222bb897762c3,09fd84626054f0c21ed8dfcae4cbdc1a5b3cb1707e07bd506831af9cf26c9c54,dake-live-product-v1-dake_price_fixedtax-c4b910e7dea4,dake-live-price-v1-dake_price_fixedtax-6929d3cd5b97,dake-live-link-v1-dake_price_fixedtax-09fd84626054,yes,ok
dake_reform_progress,app,リフォーム進捗管理,500,jpy,txcd_10202003,01_apps/DAKE_Reform_Progress/ORIGINAL.md,https://peakheadz.booth.pm/items/8448260,https://github.com/yukiPHZ/dake-series/releases/tag/DAKE_Reform_Progress_v1.0.0,リフォーム進捗管理,ok,yes,ff671c213fdd4870b215a14d7682c432cb3d42f347dcea466623f94aaff22a87,ed52fdabbabc9adfdef40b1adcab53c9b16c4651a469fad627bc00d334bd7715,3ec072d97c5fa3ef94e858a1273708b88a551bd63844448bd49fb17fbe071a70,dake-live-product-v1-dake_reform_progress-ff671c213fdd,dake-live-price-v1-dake_reform_progress-ed52fdabbabc,dake-live-link-v1-dake_reform_progress-3ec072d97c5f,yes,ok
dake_screen_webp,app,DakeScreen_WebP,300,jpy,txcd_10202003,01_apps/DAKE_Screen_WebP/ORIGINAL.md,https://peakheadz.booth.pm/items/8448261,https://github.com/yukiPHZ/dake-series/releases/tag/DAKE_Screen_WebP_v1.0.0,DakeScreen_WebP,ok,yes,a2cf44cca60ec52dac180d13ac251a073c7782d04fa5a92cf3979d88b040f6e7,974197caa983a05f3a6e3ef8f7acd5dba0f2e0b9f4012a2c7c79dbd351e86787,937b0879eadb288a57402c4f7f1fb2fb8287083450173b429de55e0be7067d13,dake-live-product-v1-dake_screen_webp-a2cf44cca60e,dake-live-price-v1-dake_screen_webp-974197caa983,dake-live-link-v1-dake_screen_webp-937b0879eadb,yes,ok
dake_screenshot_print,app,Dakeスクショ印刷,500,jpy,txcd_10202003,01_apps/DAKE_Screenshot_Print/ORIGINAL.md,https://peakheadz.booth.pm/items/8448262,https://github.com/yukiPHZ/dake-series/releases/tag/DAKE_Screenshot_Print_v1.0.0,Dakeスクショ印刷,ok,yes,30a4b0463068e815211391052ed04906992ae320bb9f74a421302727ffcb5927,873006c1a76d606aab503a6b5c1bbcdc9a30a40389c0f4c1d4c1b5344cd35ed3,85c20ad39d7abf5797b0517fc87abde4122f8ece9e89b943c567e93aa91c7e60,dake-live-product-v1-dake_screenshot_print-30a4b0463068,dake-live-price-v1-dake_screenshot_print-873006c1a76d,dake-live-link-v1-dake_screenshot_print-85c20ad39d7a,yes,ok
dake_two_person_memo,app,Dake二人メモ,300,jpy,txcd_10202003,01_apps/DAKE_TwoPerson_Memo/ORIGINAL.md,https://peakheadz.booth.pm/items/8448279,https://github.com/yukiPHZ/dake-series/releases/tag/DAKE_TwoPerson_Memo_v1.0.0,Dake二人メモ,ok,yes,f0e3ff793eed1b0bb83b40410172baf7d2661e8e8f208e158cd653e2b3839c7e,c8c46a2ace31b2c77d75dbb27400423f042e252e29e3df5f4ba0caec45f53871,66c8caca69971eb257f372de9f2e900d25b9d42c1c1a0c23c8ab975588baab16,dake-live-product-v1-dake_two_person_memo-f0e3ff793eed,dake-live-price-v1-dake_two_person_memo-c8c46a2ace31,dake-live-link-v1-dake_two_person_memo-66c8caca6997,yes,ok
dake_work_calendar,app,Dake工程カレンダー,500,jpy,txcd_10202003,01_apps/DAKE_Work_Calendar/ORIGINAL.md,https://peakheadz.booth.pm/items/8448282,https://github.com/yukiPHZ/dake-series/releases/tag/DAKE_Work_Calendar_v1.0.0,Dake工程カレンダー,ok,yes,0ba60606d633b3f2d6feb2d4a735bb59bfa0f59edbeef37fcdd7abb6a6255862,fdf5fe4828ea20f49a81fda3d46a574abc260d3d68fb5bcfbbbccc7a4c645ab6,36b51b19c1846249c94e08f610cc7a81c9b1c39af17fc1e2e75b92b744fbdb8b,dake-live-product-v1-dake_work_calendar-0ba60606d633,dake-live-price-v1-dake_work_calendar-fdf5fe4828ea,dake-live-link-v1-dake_work_calendar-36b51b19c184,yes,ok
dake_year_age,app,Dake築年数,300,jpy,txcd_10202003,01_apps/DAKE_Year_Age/ORIGINAL.md,https://peakheadz.booth.pm/items/8448286,https://github.com/yukiPHZ/dake-series/releases/tag/DAKE_Year_Age_v1.0.0,Dake築年数,ok,yes,024da3767b86fdc7c6126fecf73c9e38e09f0bb8a76eb3a01efec28ce6f14b99,d4366e43bdd30febef88e33a94b799b64c014a36821816ae70befc45117baf8a,ee8679aeb701add426ccfc9d715d3184689fa8a5091b12e081530be75cb81856,dake-live-product-v1-dake_year_age-024da3767b86,dake-live-price-v1-dake_year_age-d4366e43bdd3,dake-live-link-v1-dake_year_age-ee8679aeb701,yes,ok
dake_year_notice,app,Dake今年の注意点,300,jpy,txcd_10202003,01_apps/DAKE_Year_Notice/ORIGINAL.md,https://peakheadz.booth.pm/items/8448289,https://github.com/yukiPHZ/dake-series/releases/tag/DAKE_Year_Notice_v1.0.0,Dake今年の注意点,ok,yes,540475f58a810fbcb02e17c8b36449f3105fcdd07d0c3c898633e1911d01b9d6,693cd8e9ad891dca9ab5c5a8e3ee0ecb9f41ffd78bc327146bc8712eb20eb1a1,5e6f620d19c7a331b9793b47e39aeb74292777b6b1441c47abe27d9d05ffde64,dake-live-product-v1-dake_year_notice-540475f58a81,dake-live-price-v1-dake_year_notice-693cd8e9ad89,dake-live-link-v1-dake_year_notice-5e6f620d19c7,yes,ok
game_alien_road,app,DakeAlien Road,300,jpy,txcd_10201000,01_apps/DAKE_Game_Alien_Road/ORIGINAL.md,https://peakheadz.booth.pm/items/8449213,https://github.com/yukiPHZ/dake-series/releases/tag/DAKE_Game_Alien_Road_v1.0.0,DakeAlien Road,ok,yes,fc8ee3fef5aa95588234f7897f4ada3894b89a2e69a378cdeef778f71f5f92f1,b7d81248e5809b6b59f3c9104521226988f0968c2a4dbba0a83f5df9e8758d65,d15907e0710c3f7fc605597fc550747b4497206f273f4b31314fd7dc5e88dfc5,dake-live-product-v1-game_alien_road-fc8ee3fef5aa,dake-live-price-v1-game_alien_road-b7d81248e580,dake-live-link-v1-game_alien_road-d15907e0710c,yes,ok
game_diver_catch,app,Dake潜って捕る,300,jpy,txcd_10201000,01_apps/DAKE_Game_Diver_Catch/ORIGINAL.md,https://peakheadz.booth.pm/items/8449218,https://github.com/yukiPHZ/dake-series/releases/tag/DAKE_Game_Diver_Catch_v1.0.0,Dake潜って捕る,ok,yes,a888896a83efbde7c53e18433d0d2f9d2b3ff8f1c6fb3210c2fb8d674ca2dff6,05bf81feba456ae01f9f25ab16f791811c33c1a5672f802ab8a0c02a19d1cb6a,fa80dc17c651ecad4a0e488a33281c3fdc6a2067957923a6e4dab580daba60c4,dake-live-product-v1-game_diver_catch-a888896a83ef,dake-live-price-v1-game_diver_catch-05bf81feba45,dake-live-link-v1-game_diver_catch-fa80dc17c651,yes,ok
