id,title,product_id,price_id,payment_link_id,payment_link_url,livemode,status,created_at,metadata
DAKE_App_Doko,アプリどこ,prod_Uhd507EBR2kkqZ,price_1TiDpJHrsJubFuDOuE0N63tO,plink_1TiDpJHrsJubFuDO6LrooRVw,https://buy.stripe.com/8x200j6bL1RRecU0bf0gw05,true,completed,2026-06-14T22:12:33+09:00,"{""booth_url"": ""https://peakheadz.booth.pm/items/8447573"", ""dake_item_id"": ""DAKE_App_Doko"", ""dake_type"": ""app"", ""github_release_url"": ""https://github.com/yukiPHZ/dake-series/releases/tag/DAKE_App_Doko_v1.0.0"", ""source_original"": ""01_apps/DAKE_App_Doko/ORIGINAL.md"", ""source_repo"": ""DAKE_series"", ""store_url"": ""https://store.dakeapp.com/product/?id=DAKE_App_Doko""}"
DAKE_Backup,Dakeバックアップ,prod_Uhd50QB7BZ6uhJ,price_1TiDpKHrsJubFuDOzo7t1o6F,plink_1TiDpKHrsJubFuDO1HitXsQ7,https://buy.stripe.com/eVq00j43D9kjc4Me250gw06,true,completed,2026-06-14T22:12:33+09:00,"{""booth_url"": ""https://peakheadz.booth.pm/items/8447578"", ""dake_item_id"": ""DAKE_Backup"", ""dake_type"": ""app"", ""github_release_url"": ""https://github.com/yukiPHZ/dake-series/releases/tag/DAKE_Backup_v1.0.0"", ""source_original"": ""01_apps/DAKE_Backup/ORIGINAL.md"", ""source_repo"": ""DAKE_series"", ""store_url"": ""https://store.dakeapp.com/product/?id=DAKE_Backup""}"
DAKE_Git_Memo,DakeGitメモ,prod_Uhd51vB2aqTNtj,price_1TiDpLHrsJubFuDO4CHyMtNA,plink_1TiDpLHrsJubFuDOr7WOBMye,https://buy.stripe.com/aFacN56bL3ZZ3yg7DH0gw07,true,completed,2026-06-14T22:12:33+09:00,"{""booth_url"": ""https://peakheadz.booth.pm/items/8447593"", ""dake_item_id"": ""DAKE_Git_Memo"", ""dake_type"": ""app"", ""github_release_url"": ""https://github.com/yukiPHZ/dake-series/releases/tag/DAKE_Git_Memo_v1.0.0"", ""source_original"": ""01_apps/DAKE_Git_Memo/ORIGINAL.md"", ""source_repo"": ""DAKE_series"", ""store_url"": ""https://store.dakeapp.com/product/?id=DAKE_Git_Memo""}"
DAKE_Image_PasteA4,貼る,prod_Uhd5bzPiGm4h5b,price_1TiDpMHrsJubFuDODzRjjk1c,plink_1TiDpMHrsJubFuDOOZfR2rCW,https://buy.stripe.com/6oU6oH8jT3ZZd8Q1fj0gw08,true,completed,2026-06-14T22:12:33+09:00,"{""booth_url"": ""https://peakheadz.booth.pm/items/8397628"", ""dake_item_id"": ""DAKE_Image_PasteA4"", ""dake_type"": ""app"", ""github_release_url"": ""https://github.com/yukiPHZ/dake-series/releases/tag/DAKE_Image_PasteA4_v1.0.0"", ""source_original"": ""01_apps/DAKE_Image_PasteA4/ORIGINAL.md"", ""source_repo"": ""DAKE_series"", ""store_url"": ""https://store.dakeapp.com/product/?id=DAKE_Image_PasteA4""}"
DAKE_Mail_Address_Format,Dakeメールアドレス整形,prod_Uhd5u0ZBk9QUbC,price_1TiDpNHrsJubFuDOgaeaLm7f,plink_1TiDpNHrsJubFuDOyFdgjInq,https://buy.stripe.com/fZu3cvbw57cbc4Mf690gw09,true,completed,2026-06-14T22:12:33+09:00,"{""booth_url"": ""https://peakheadz.booth.pm/items/8447996"", ""dake_item_id"": ""DAKE_Mail_Address_Format"", ""dake_type"": ""app"", ""github_release_url"": ""https://github.com/yukiPHZ/dake-series/releases/tag/DAKE_Mail_Address_Format_v1.0.0"", ""source_original"": ""01_apps/DAKE_Mail_Address_Format/ORIGINAL.md"", ""source_repo"": ""DAKE_series"", ""store_url"": ""https://store.dakeapp.com/product/?id=DAKE_Mail_Address_Format""}"
DAKE_Mail_Draft,Dakeメール下書き,prod_Uhd5olwlW4YDu1,price_1TiDpOHrsJubFuDOAwQWjbQT,plink_1TiDpOHrsJubFuDOEQejQDde,https://buy.stripe.com/7sY9ATcA9dAz8SAbTX0gw0a,true,completed,2026-06-14T22:12:33+09:00,"{""booth_url"": ""https://peakheadz.booth.pm/items/8448001"", ""dake_item_id"": ""DAKE_Mail_Draft"", ""dake_type"": ""app"", ""github_release_url"": ""https://github.com/yukiPHZ/dake-series/releases/tag/DAKE_Mail_Draft_v1.0.0"", ""source_original"": ""01_apps/DAKE_Mail_Draft/ORIGINAL.md"", ""source_repo"": ""DAKE_series"", ""store_url"": ""https://store.dakeapp.com/product/?id=DAKE_Mail_Draft""}"
DAKE_Maji_Memo,マジでメモ,prod_Uhd5UPvP7HoYUx,price_1TiDpPHrsJubFuDOv3IAWWBp,plink_1TiDpPHrsJubFuDOUwDTvmXT,https://buy.stripe.com/4gMbJ143D2VVd8Q9LP0gw0b,true,completed,2026-06-14T22:12:33+09:00,"{""booth_url"": ""https://peakheadz.booth.pm/items/8448021"", ""dake_item_id"": ""DAKE_Maji_Memo"", ""dake_type"": ""app"", ""github_release_url"": ""https://github.com/yukiPHZ/dake-series/releases/tag/DAKE_Maji_Memo_v1.0.0"", ""source_original"": ""01_apps/DAKE_Maji_Memo/ORIGINAL.md"", ""source_repo"": ""DAKE_series"", ""store_url"": ""https://store.dakeapp.com/product/?id=DAKE_Maji_Memo""}"
DAKE_Sticky_Memo,付箋メモ,prod_Uhd5Q5OqCKpRdx,price_1TiDpQHrsJubFuDOvjKz2pot,plink_1TiDpQHrsJubFuDO4537pWoY,https://buy.stripe.com/9B65kD2Zzaon9WE0bf0gw0c,true,completed,2026-06-14T22:12:33+09:00,"{""booth_url"": ""https://peakheadz.booth.pm/items/8448263"", ""dake_item_id"": ""DAKE_Sticky_Memo"", ""dake_type"": ""app"", ""github_release_url"": ""https://github.com/yukiPHZ/dake-series/releases/tag/DAKE_Sticky_Memo_v1.0.0"", ""source_original"": ""01_apps/DAKE_Sticky_Memo/ORIGINAL.md"", ""source_repo"": ""DAKE_series"", ""store_url"": ""https://store.dakeapp.com/product/?id=DAKE_Sticky_Memo""}"
DAKE_Yesterday_Task_Memo,Dake昨日タスクメモ,prod_Uhd5bhos3yrScb,price_1TiDpRHrsJubFuDOzzB4XJL5,plink_1TiDpRHrsJubFuDO5qXovZ4Q,https://buy.stripe.com/3cIaEXcA9543b0I8HL0gw0d,true,completed,2026-06-14T22:12:33+09:00,"{""booth_url"": ""https://peakheadz.booth.pm/items/8448291"", ""dake_item_id"": ""DAKE_Yesterday_Task_Memo"", ""dake_type"": ""app"", ""github_release_url"": ""https://github.com/yukiPHZ/dake-series/releases/tag/DAKE_Yesterday_Task_Memo_v1.0.0"", ""source_original"": ""01_apps/DAKE_Yesterday_Task_Memo/ORIGINAL.md"", ""source_repo"": ""DAKE_series"", ""store_url"": ""https://store.dakeapp.com/product/?id=DAKE_Yesterday_Task_Memo""}"
dake_booth_assist,BOOTHアシスト,prod_Uhd5YwxBQbWMjg,price_1TiDpSHrsJubFuDO43ZdmjF9,plink_1TiDpSHrsJubFuDO8WAnsbFM,https://buy.stripe.com/dRmcN557H8gf0m4gad0gw0e,true,completed,2026-06-14T22:12:33+09:00,"{""booth_url"": ""https://peakheadz.booth.pm/items/8447580"", ""dake_item_id"": ""dake_booth_assist"", ""dake_type"": ""app"", ""github_release_url"": ""https://github.com/yukiPHZ/dake-series/releases/tag/DAKE_BOOTH_Assist_v1.0.0"", ""source_original"": ""01_apps/DAKE_BOOTH_Assist/ORIGINAL.md"", ""source_repo"": ""DAKE_series"", ""store_url"": ""https://store.dakeapp.com/product/?id=dake_booth_assist""}"
dake_column_memo,ずっとメモ,prod_Uhd5XazRswiE61,price_1TiDpTHrsJubFuDO1ssjz0NH,plink_1TiDpTHrsJubFuDOxcHNddE5,https://buy.stripe.com/7sY6oHbw5gMLc4M4rv0gw0f,true,completed,2026-06-14T22:12:33+09:00,"{""booth_url"": ""https://peakheadz.booth.pm/items/8447582"", ""dake_item_id"": ""dake_column_memo"", ""dake_type"": ""app"", ""github_release_url"": ""https://github.com/yukiPHZ/dake-series/releases/tag/DAKE_Column_Memo_v1.0.0"", ""source_original"": ""01_apps/DAKE_Column_Memo/ORIGINAL.md"", ""source_repo"": ""DAKE_series"", ""store_url"": ""https://store.dakeapp.com/product/?id=dake_column_memo""}"
dake_document_cover,Dake書類送付状,prod_Uhd5xh7k10MMa3,price_1TiDpUHrsJubFuDOeYE5U7EL,plink_1TiDpUHrsJubFuDOOySY7waG,https://buy.stripe.com/fZubJ12Zzbsrd8Q3nr0gw0g,true,completed,2026-06-14T22:12:33+09:00,"{""booth_url"": ""https://peakheadz.booth.pm/items/8447586"", ""dake_item_id"": ""dake_document_cover"", ""dake_type"": ""app"", ""github_release_url"": ""https://github.com/yukiPHZ/dake-series/releases/tag/DAKE_Document_Cover-v1.0.0"", ""source_original"": ""01_apps/DAKE_Document_Cover/ORIGINAL.md"", ""source_repo"": ""DAKE_series"", ""store_url"": ""https://store.dakeapp.com/product/?id=dake_document_cover""}"
dake_fax_cover,DakeFAX送付状,prod_Uhd5fZ4isg8Qot,price_1TiDpVHrsJubFuDOKno1akNA,plink_1TiDpVHrsJubFuDOEHX9PFop,https://buy.stripe.com/4gM00j9nX1RRb0I5vz0gw0h,true,completed,2026-06-14T22:12:33+09:00,"{""booth_url"": ""https://peakheadz.booth.pm/items/8447589"", ""dake_item_id"": ""dake_fax_cover"", ""dake_type"": ""app"", ""github_release_url"": ""https://github.com/yukiPHZ/dake-series/releases/tag/DAKE_FAX_Cover_v1.0.0"", ""source_original"": ""01_apps/DAKE_FAX_Cover/ORIGINAL.md"", ""source_repo"": ""DAKE_series"", ""store_url"": ""https://store.dakeapp.com/product/?id=dake_fax_cover""}"
dake_folder_list,Dakeフォルダ一覧,prod_Uhd5NZ6VQrH9lA,price_1TiDpWHrsJubFuDOigOYnUuM,plink_1TiDpWHrsJubFuDOlY1Oao5r,https://buy.stripe.com/14A5kDcA9cwv4Ck2jn0gw0i,true,completed,2026-06-14T22:12:33+09:00,"{""booth_url"": ""https://peakheadz.booth.pm/items/8447591"", ""dake_item_id"": ""dake_folder_list"", ""dake_type"": ""app"", ""github_release_url"": ""https://github.com/yukiPHZ/dake-series/releases/tag/DAKE_Folder_List_v1.0.0"", ""source_original"": ""01_apps/DAKE_Folder_List/ORIGINAL.md"", ""source_repo"": ""DAKE_series"", ""store_url"": ""https://store.dakeapp.com/product/?id=dake_folder_list""}"
dake_image_heictojpg,HEIC→JPG変換,prod_Uhd5j2WIGeHIBo,price_1TiDpXHrsJubFuDOTWwjZkNa,plink_1TiDpXHrsJubFuDOsBXcwk74,https://buy.stripe.com/4gMfZhas1gML4CkaPT0gw0j,true,completed,2026-06-14T22:12:33+09:00,"{""booth_url"": ""https://peakheadz.booth.pm/items/8447596"", ""dake_item_id"": ""dake_image_heictojpg"", ""dake_type"": ""app"", ""github_release_url"": ""https://github.com/yukiPHZ/dake-series/releases/tag/DAKE_Image_HEICtoJPG_v1.0.0"", ""source_original"": ""01_apps/DAKE_Image_HEICtoJPG/ORIGINAL.md"", ""source_repo"": ""DAKE_series"", ""store_url"": ""https://store.dakeapp.com/product/?id=dake_image_heictojpg""}"
dake_image_iphonetopc,Dake画像iPhoneToPC,prod_Uhd5XbrTmdAyyk,price_1TiDpYHrsJubFuDO6LQebJXT,plink_1TiDpYHrsJubFuDObRZa2oiP,https://buy.stripe.com/cNicN5fMlgML9WE1fj0gw0k,true,completed,2026-06-14T22:12:33+09:00,"{""booth_url"": ""https://peakheadz.booth.pm/items/8447598"", ""dake_item_id"": ""dake_image_iphonetopc"", ""dake_type"": ""app"", ""github_release_url"": ""https://github.com/yukiPHZ/dake-series/releases/tag/DAKE_Image_iPhoneToPC_v1.0.0"", ""source_original"": ""01_apps/DAKE_Image_iPhoneToPC/ORIGINAL.md"", ""source_repo"": ""DAKE_series"", ""store_url"": ""https://store.dakeapp.com/product/?id=dake_image_iphonetopc""}"
dake_image_receiver,DakeImage_Receiver,prod_Uhd5jt1Rc8q910,price_1TiDpZHrsJubFuDO3wPvfIpv,plink_1TiDpZHrsJubFuDOfQH5Wkrl,https://buy.stripe.com/28E4gz6bLdAz3yg1fj0gw0l,true,completed,2026-06-14T22:12:33+09:00,"{""booth_url"": ""https://peakheadz.booth.pm/items/8447600"", ""dake_item_id"": ""dake_image_receiver"", ""dake_type"": ""app"", ""github_release_url"": ""https://github.com/yukiPHZ/dake-series/releases/tag/DAKE_Image_Receiver_v1.0.0"", ""source_original"": ""01_apps/DAKE_Image_Receiver/ORIGINAL.md"", ""source_repo"": ""DAKE_series"", ""store_url"": ""https://store.dakeapp.com/product/?id=dake_image_receiver""}"
dake_image_topdf,DakeImageToPDF,prod_Uhd5JF1tyTHC4S,price_1TiDpaHrsJubFuDOonZEswDb,plink_1TiDpbHrsJubFuDOYNamSkrO,https://buy.stripe.com/8x25kDas13ZZd8Q7DH0gw0m,true,completed,2026-06-14T22:12:33+09:00,"{""booth_url"": ""https://peakheadz.booth.pm/items/8397610"", ""dake_item_id"": ""dake_image_topdf"", ""dake_type"": ""app"", ""github_release_url"": ""https://github.com/yukiPHZ/dake-series/releases/tag/DAKE_Image_ToPDF_v1.0.0"", ""source_original"": ""01_apps/DAKE_Image_ToPDF/ORIGINAL.md"", ""source_repo"": ""DAKE_series"", ""store_url"": ""https://store.dakeapp.com/product/?id=dake_image_topdf""}"
dake_launcher,Dakeランチャー,prod_Uhd5DwVCf9N4Lj,price_1TiDpbHrsJubFuDO43cEedbX,plink_1TiDpcHrsJubFuDOr0bZ3hPe,https://buy.stripe.com/8x228r8jTgML5GoaPT0gw0n,true,completed,2026-06-14T22:12:33+09:00,"{""booth_url"": ""https://peakheadz.booth.pm/items/8447994"", ""dake_item_id"": ""dake_launcher"", ""dake_type"": ""app"", ""github_release_url"": ""https://github.com/yukiPHZ/dake-series/releases/tag/DAKE_Launcher_v1.0.0"", ""source_original"": ""01_apps/DAKE_Launcher/ORIGINAL.md"", ""source_repo"": ""DAKE_series"", ""store_url"": ""https://store.dakeapp.com/product/?id=dake_launcher""}"
dake_mail_allstaff,Dake全社員メール起動,prod_Uhd5rwbEwlRkMb,price_1TiDpcHrsJubFuDOo0kA3lE2,plink_1TiDpdHrsJubFuDOjiKHQTr8,https://buy.stripe.com/5kQ9ATgQp0NN5Go6zD0gw0o,true,completed,2026-06-14T22:12:33+09:00,"{""booth_url"": ""https://peakheadz.booth.pm/items/8447998"", ""dake_item_id"": ""dake_mail_allstaff"", ""dake_type"": ""app"", ""github_release_url"": ""https://github.com/yukiPHZ/dake-series/releases/tag/DAKE_Mail_AllStaff_v1.0.0"", ""source_original"": ""01_apps/DAKE_Mail_AllStaff/ORIGINAL.md"", ""source_repo"": ""DAKE_series"", ""store_url"": ""https://store.dakeapp.com/product/?id=dake_mail_allstaff""}"
dake_mail_kikuta,Dake菊田メール,prod_Uhd5mAfIhktsx1,price_1TiDpdHrsJubFuDOyPjJj4xO,plink_1TiDpdHrsJubFuDOd37B5lUV,https://buy.stripe.com/4gM9ATas1cwvc4M4rv0gw0p,true,completed,2026-06-14T22:12:33+09:00,"{""booth_url"": ""https://peakheadz.booth.pm/items/8448003"", ""dake_item_id"": ""dake_mail_kikuta"", ""dake_type"": ""app"", ""github_release_url"": ""https://github.com/yukiPHZ/dake-series/releases/tag/DAKE_Mail_Kikuta_v1.0.0"", ""source_original"": ""01_apps/DAKE_Mail_Kikuta/ORIGINAL.md"", ""source_repo"": ""DAKE_series"", ""store_url"": ""https://store.dakeapp.com/product/?id=dake_mail_kikuta""}"
dake_mail_list,Dakeメールリスト,prod_Uhd5cwJrdaoVpw,price_1TiDpeHrsJubFuDOLkDPQRoL,plink_1TiDpeHrsJubFuDOyKfL52RK,https://buy.stripe.com/aFaeVd8jTdAz4Ck2jn0gw0q,true,completed,2026-06-14T22:12:33+09:00,"{""booth_url"": ""https://peakheadz.booth.pm/items/8448014"", ""dake_item_id"": ""dake_mail_list"", ""dake_type"": ""app"", ""github_release_url"": ""https://github.com/yukiPHZ/dake-series/releases/tag/DAKE_Mail_List_v1.0.0"", ""source_original"": ""01_apps/DAKE_Mail_List/ORIGINAL.md"", ""source_repo"": ""DAKE_series"", ""store_url"": ""https://store.dakeapp.com/product/?id=dake_mail_list""}"
dake_mansion_schedule,マンション工程表,prod_Uhd56gJWgVfp58,price_1TiDpfHrsJubFuDOTsiCSQ6L,plink_1TiDpfHrsJubFuDOpzC0hhLq,https://buy.stripe.com/bJefZh57H7cb7OwcY10gw0r,true,completed,2026-06-14T22:12:33+09:00,"{""booth_url"": ""https://peakheadz.booth.pm/items/8448169"", ""dake_item_id"": ""dake_mansion_schedule"", ""dake_type"": ""app"", ""github_release_url"": ""https://github.com/yukiPHZ/dake-series/releases/tag/DAKE_Mansion_Schedule_v1.0.0"", ""source_original"": ""01_apps/DAKE_Mansion_Schedule/ORIGINAL.md"", ""source_repo"": ""DAKE_series"", ""store_url"": ""https://store.dakeapp.com/product/?id=dake_mansion_schedule""}"
dake_pdf_checkstamp,Dake確認印,prod_Uhd5wUxGsaolHq,price_1TiDpgHrsJubFuDO4UTTuDht,plink_1TiDpgHrsJubFuDOAUIW8vJh,https://buy.stripe.com/fZu7sLfMl1RRb0I2jn0gw0s,true,completed,2026-06-14T22:12:33+09:00,"{""booth_url"": ""https://peakheadz.booth.pm/items/8448176"", ""dake_item_id"": ""dake_pdf_checkstamp"", ""dake_type"": ""app"", ""github_release_url"": ""https://github.com/yukiPHZ/dake-series/releases/tag/DAKE_PDF_CheckStamp_v1.0.0"", ""source_original"": ""01_apps/DAKE_PDF_CheckStamp/ORIGINAL.md"", ""source_repo"": ""DAKE_series"", ""store_url"": ""https://store.dakeapp.com/product/?id=dake_pdf_checkstamp""}"
dake_pdf_crop,DakePDFトリミング,prod_Uhd5gyDOL4PjAz,price_1TiDphHrsJubFuDOL0QeBrDI,plink_1TiDphHrsJubFuDOzXeLYE0x,https://buy.stripe.com/00w7sL43D6877Ow4rv0gw0t,true,completed,2026-06-14T22:12:33+09:00,"{""booth_url"": ""https://peakheadz.booth.pm/items/8448182"", ""dake_item_id"": ""dake_pdf_crop"", ""dake_type"": ""app"", ""github_release_url"": ""https://github.com/yukiPHZ/dake-series/releases/tag/DAKE_PDF_Crop_v1.0.0"", ""source_original"": ""01_apps/DAKE_PDF_Crop/ORIGINAL.md"", ""source_repo"": ""DAKE_series"", ""store_url"": ""https://store.dakeapp.com/product/?id=dake_pdf_crop""}"
dake_pdf_lookhere,DakePDFここ見て,prod_Uhd5GJYIzGzUIK,price_1TiDpiHrsJubFuDOYkBLPIJ0,plink_1TiDpiHrsJubFuDOdvYG3pn6,https://buy.stripe.com/bJe9AT6bL2VV0m46zD0gw0u,true,completed,2026-06-14T22:12:33+09:00,"{""booth_url"": ""https://peakheadz.booth.pm/items/8448187"", ""dake_item_id"": ""dake_pdf_lookhere"", ""dake_type"": ""app"", ""github_release_url"": ""https://github.com/yukiPHZ/dake-series/releases/tag/DAKE_PDF_LookHere_v1.0.0"", ""source_original"": ""01_apps/DAKE_PDF_LookHere/ORIGINAL.md"", ""source_repo"": ""DAKE_series"", ""store_url"": ""https://store.dakeapp.com/product/?id=dake_pdf_lookhere""}"
dake_pdf_marker,DakePDFマーカー,prod_Uhd5DtqqJf1JNm,price_1TiDpjHrsJubFuDO62JvdruR,plink_1TiDpjHrsJubFuDOqaVX71bo,https://buy.stripe.com/fZu8wP2ZzeED3yg3nr0gw0v,true,completed,2026-06-14T22:12:33+09:00,"{""booth_url"": ""https://peakheadz.booth.pm/items/8448193"", ""dake_item_id"": ""dake_pdf_marker"", ""dake_type"": ""app"", ""github_release_url"": ""https://github.com/yukiPHZ/dake-series/releases/tag/DAKE_PDF_Marker_v1.0.0"", ""source_original"": ""01_apps/DAKE_PDF_Marker/ORIGINAL.md"", ""source_repo"": ""DAKE_series"", ""store_url"": ""https://store.dakeapp.com/product/?id=dake_pdf_marker""}"
dake_pdf_merge_mini,DakePDF結合mini,prod_Uhd5aqw9aGElhq,price_1TiDpkHrsJubFuDOjFrncTdh,plink_1TiDpkHrsJubFuDOxLGGd0G6,https://buy.stripe.com/00w6oH57H6870m48HL0gw0w,true,completed,2026-06-14T22:12:33+09:00,"{""booth_url"": ""https://peakheadz.booth.pm/items/8448200"", ""dake_item_id"": ""dake_pdf_merge_mini"", ""dake_type"": ""app"", ""github_release_url"": ""https://github.com/yukiPHZ/dake-series/releases/tag/DAKE_PDF_Merge_Mini_v1.0.0"", ""source_original"": ""01_apps/DAKE_PDF_Merge_Mini/ORIGINAL.md"", ""source_repo"": ""DAKE_series"", ""store_url"": ""https://store.dakeapp.com/product/?id=dake_pdf_merge_mini""}"
dake_pdf_rename,DakePDFファイル名整理,prod_Uhd5oCYpooUSgL,price_1TiDplHrsJubFuDOLteJDJLu,plink_1TiDplHrsJubFuDOST3q8UMx,https://buy.stripe.com/aFa7sLgQp9kj1q85vz0gw0x,true,completed,2026-06-14T22:12:33+09:00,"{""booth_url"": ""https://peakheadz.booth.pm/items/8448204"", ""dake_item_id"": ""dake_pdf_rename"", ""dake_type"": ""app"", ""github_release_url"": ""https://github.com/yukiPHZ/dake-series/releases/tag/DAKE_PDF_Rename_v1.0.0"", ""source_original"": ""01_apps/DAKE_PDF_Rename/ORIGINAL.md"", ""source_repo"": ""DAKE_series"", ""store_url"": ""https://store.dakeapp.com/product/?id=dake_pdf_rename""}"
dake_pdf_reorder,DakePDFページ並べ替え,prod_Uhd5sSdvKNBR7U,price_1TiDpmHrsJubFuDOOaQjGMjP,plink_1TiDpmHrsJubFuDO2BD0UHBL,https://buy.stripe.com/14AcN5fMldAzc4Mgad0gw0y,true,completed,2026-06-14T22:12:33+09:00,"{""booth_url"": ""https://peakheadz.booth.pm/items/8448206"", ""dake_item_id"": ""dake_pdf_reorder"", ""dake_type"": ""app"", ""github_release_url"": ""https://github.com/yukiPHZ/dake-series/releases/tag/DAKE_PDF_Reorder_v1.0.0"", ""source_original"": ""01_apps/DAKE_PDF_Reorder/ORIGINAL.md"", ""source_repo"": ""DAKE_series"", ""store_url"": ""https://store.dakeapp.com/product/?id=dake_pdf_reorder""}"
dake_pdf_splitone,DakePDF分割One,prod_Uhd5XflFW9BLYi,price_1TiDpnHrsJubFuDOh4yt8JEf,plink_1TiDpnHrsJubFuDOKJNkTe4b,https://buy.stripe.com/28E14ndEd7cb0m47DH0gw0z,true,completed,2026-06-14T22:12:33+09:00,"{""booth_url"": ""https://peakheadz.booth.pm/items/8448207"", ""dake_item_id"": ""dake_pdf_splitone"", ""dake_type"": ""app"", ""github_release_url"": ""https://github.com/yukiPHZ/dake-series/releases/tag/DAKE_PDF_SplitOne_v1.0.0"", ""source_original"": ""01_apps/DAKE_PDF_SplitOne/ORIGINAL.md"", ""source_repo"": ""DAKE_series"", ""store_url"": ""https://store.dakeapp.com/product/?id=dake_pdf_splitone""}"
dake_pdf_splitselect,DakePDF分割Select,prod_Uhd6VsNbMERVh0,price_1TiDpoHrsJubFuDOHp3Ufr0u,plink_1TiDpoHrsJubFuDODt6Xwz5b,https://buy.stripe.com/3cI00j6bL8gf8SAcY10gw0A,true,completed,2026-06-14T22:12:33+09:00,"{""booth_url"": ""https://peakheadz.booth.pm/items/8448213"", ""dake_item_id"": ""dake_pdf_splitselect"", ""dake_type"": ""app"", ""github_release_url"": ""https://github.com/yukiPHZ/dake-series/releases/tag/DAKE_PDF_SplitSelect_v1.0.0"", ""source_original"": ""01_apps/DAKE_PDF_SplitSelect/ORIGINAL.md"", ""source_repo"": ""DAKE_series"", ""store_url"": ""https://store.dakeapp.com/product/?id=dake_pdf_splitselect""}"
dake_pdf_toimages,DakePDFto画像,prod_Uhd6AZnqnC4xv7,price_1TiDppHrsJubFuDOGKApv5Ig,plink_1TiDppHrsJubFuDOL9KW4TGX,https://buy.stripe.com/aFadR96bL5435GobTX0gw0B,true,completed,2026-06-14T22:12:33+09:00,"{""booth_url"": ""https://peakheadz.booth.pm/items/8448216"", ""dake_item_id"": ""dake_pdf_toimages"", ""dake_type"": ""app"", ""github_release_url"": ""https://github.com/yukiPHZ/dake-series/releases/tag/DAKE_PDF_ToImages_v1.0.0"", ""source_original"": ""01_apps/DAKE_PDF_ToImages/ORIGINAL.md"", ""source_repo"": ""DAKE_series"", ""store_url"": ""https://store.dakeapp.com/product/?id=dake_pdf_toimages""}"
dake_pdf_viewer,DakePDF見る,prod_Uhd6rkpN6b4QCo,price_1TiDpqHrsJubFuDOhDOEZqd7,plink_1TiDpqHrsJubFuDOiHMQG6VK,https://buy.stripe.com/cNi8wPcA9dAzc4M0bf0gw0C,true,completed,2026-06-14T22:12:33+09:00,"{""booth_url"": ""https://peakheadz.booth.pm/items/8448219"", ""dake_item_id"": ""dake_pdf_viewer"", ""dake_type"": ""app"", ""github_release_url"": ""https://github.com/yukiPHZ/dake-series/releases/tag/DAKE_PDF_Viewer_v1.0.0"", ""source_original"": ""01_apps/DAKE_PDF_Viewer/ORIGINAL.md"", ""source_repo"": ""DAKE_series"", ""store_url"": ""https://store.dakeapp.com/product/?id=dake_pdf_viewer""}"
dake_price_apportionment,Dake価格按分,prod_Uhd6h81spKxzlr,price_1TiDprHrsJubFuDO3AWViDPs,plink_1TiDprHrsJubFuDO3Eizu1ND,https://buy.stripe.com/dRm3cvcA9543d8QcY10gw0D,true,completed,2026-06-14T22:12:33+09:00,"{""booth_url"": ""https://peakheadz.booth.pm/items/8448222"", ""dake_item_id"": ""dake_price_apportionment"", ""dake_type"": ""app"", ""github_release_url"": ""https://github.com/yukiPHZ/dake-series/releases/tag/DAKE_Price_Apportionment_v1.0.0"", ""source_original"": ""01_apps/DAKE_Price_Apportionment/ORIGINAL.md"", ""source_repo"": ""DAKE_series"", ""store_url"": ""https://store.dakeapp.com/product/?id=dake_price_apportionment""}"
dake_price_fixedtax,Dake固都税計算,prod_Uhd68tx41Dnbga,price_1TiDpsHrsJubFuDO9FFRSl3c,plink_1TiDpsHrsJubFuDOqvN4vIgn,https://buy.stripe.com/bJefZh9nX7cbfgYgad0gw0E,true,completed,2026-06-14T22:12:33+09:00,"{""booth_url"": ""https://peakheadz.booth.pm/items/8448259"", ""dake_item_id"": ""dake_price_fixedtax"", ""dake_type"": ""app"", ""github_release_url"": ""https://github.com/yukiPHZ/dake-series/releases/tag/DAKE_Price_FixedTax_v1.0.0"", ""source_original"": ""01_apps/DAKE_Price_FixedTax/ORIGINAL.md"", ""source_repo"": ""DAKE_series"", ""store_url"": ""https://store.dakeapp.com/product/?id=dake_price_fixedtax""}"
dake_reform_progress,リフォーム進捗管理,prod_Uhd6eE4Bqdg27B,price_1TiDptHrsJubFuDOM0NFPCIq,plink_1TiDptHrsJubFuDOQ6aT9yBN,https://buy.stripe.com/00waEXcA9687ecU0bf0gw0F,true,completed,2026-06-14T22:12:33+09:00,"{""booth_url"": ""https://peakheadz.booth.pm/items/8448260"", ""dake_item_id"": ""dake_reform_progress"", ""dake_type"": ""app"", ""github_release_url"": ""https://github.com/yukiPHZ/dake-series/releases/tag/DAKE_Reform_Progress_v1.0.0"", ""source_original"": ""01_apps/DAKE_Reform_Progress/ORIGINAL.md"", ""source_repo"": ""DAKE_series"", ""store_url"": ""https://store.dakeapp.com/product/?id=dake_reform_progress""}"
dake_screen_webp,DakeScreen_WebP,prod_Uhd6mI3p5RqLJu,price_1TiDpuHrsJubFuDO3SXvueKk,plink_1TiDpuHrsJubFuDOmMFaZso8,https://buy.stripe.com/3cIaEXas1cwv0m49LP0gw0G,true,completed,2026-06-14T22:12:33+09:00,"{""booth_url"": ""https://peakheadz.booth.pm/items/8448261"", ""dake_item_id"": ""dake_screen_webp"", ""dake_type"": ""app"", ""github_release_url"": ""https://github.com/yukiPHZ/dake-series/releases/tag/DAKE_Screen_WebP_v1.0.0"", ""source_original"": ""01_apps/DAKE_Screen_WebP/ORIGINAL.md"", ""source_repo"": ""DAKE_series"", ""store_url"": ""https://store.dakeapp.com/product/?id=dake_screen_webp""}"
dake_screenshot_print,Dakeスクショ印刷,prod_Uhd6UUQtuQ4gVi,price_1TiDpvHrsJubFuDORGd185v2,plink_1TiDpvHrsJubFuDODOc5etUs,https://buy.stripe.com/dRmeVd57H5435GobTX0gw0H,true,completed,2026-06-14T22:12:33+09:00,"{""booth_url"": ""https://peakheadz.booth.pm/items/8448262"", ""dake_item_id"": ""dake_screenshot_print"", ""dake_type"": ""app"", ""github_release_url"": ""https://github.com/yukiPHZ/dake-series/releases/tag/DAKE_Screenshot_Print_v1.0.0"", ""source_original"": ""01_apps/DAKE_Screenshot_Print/ORIGINAL.md"", ""source_repo"": ""DAKE_series"", ""store_url"": ""https://store.dakeapp.com/product/?id=dake_screenshot_print""}"
dake_two_person_memo,Dake二人メモ,prod_Uhd6W69XFlZkrb,price_1TiDpwHrsJubFuDO0fDdaIhC,plink_1TiDpwHrsJubFuDOV5ZaARzp,https://buy.stripe.com/28EeVdas1eED1q8e250gw0I,true,completed,2026-06-14T22:12:33+09:00,"{""booth_url"": ""https://peakheadz.booth.pm/items/8448279"", ""dake_item_id"": ""dake_two_person_memo"", ""dake_type"": ""app"", ""github_release_url"": ""https://github.com/yukiPHZ/dake-series/releases/tag/DAKE_TwoPerson_Memo_v1.0.0"", ""source_original"": ""01_apps/DAKE_TwoPerson_Memo/ORIGINAL.md"", ""source_repo"": ""DAKE_series"", ""store_url"": ""https://store.dakeapp.com/product/?id=dake_two_person_memo""}"
dake_work_calendar,Dake工程カレンダー,prod_Uhd6cSWtMZldRZ,price_1TiDpxHrsJubFuDOvbeutraL,plink_1TiDpxHrsJubFuDOOq6fhAat,https://buy.stripe.com/eVq7sLdEd9kjb0I1fj0gw0J,true,completed,2026-06-14T22:12:33+09:00,"{""booth_url"": ""https://peakheadz.booth.pm/items/8448282"", ""dake_item_id"": ""dake_work_calendar"", ""dake_type"": ""app"", ""github_release_url"": ""https://github.com/yukiPHZ/dake-series/releases/tag/DAKE_Work_Calendar_v1.0.0"", ""source_original"": ""01_apps/DAKE_Work_Calendar/ORIGINAL.md"", ""source_repo"": ""DAKE_series"", ""store_url"": ""https://store.dakeapp.com/product/?id=dake_work_calendar""}"
dake_year_age,Dake築年数,prod_Uhd6lccOH7u1jJ,price_1TiDpxHrsJubFuDOq9zLUn9N,plink_1TiDpyHrsJubFuDOsGWrR1oI,https://buy.stripe.com/3cIfZh6bL2VV5Go9LP0gw0K,true,completed,2026-06-14T22:12:33+09:00,"{""booth_url"": ""https://peakheadz.booth.pm/items/8448286"", ""dake_item_id"": ""dake_year_age"", ""dake_type"": ""app"", ""github_release_url"": ""https://github.com/yukiPHZ/dake-series/releases/tag/DAKE_Year_Age_v1.0.0"", ""source_original"": ""01_apps/DAKE_Year_Age/ORIGINAL.md"", ""source_repo"": ""DAKE_series"", ""store_url"": ""https://store.dakeapp.com/product/?id=dake_year_age""}"
dake_year_notice,Dake今年の注意点,prod_Uhd61mAw3uRgRv,price_1TiDpyHrsJubFuDOxqaIDPPj,plink_1TiDpzHrsJubFuDOQpGPD78x,https://buy.stripe.com/28E7sLas1aonecU5vz0gw0L,true,completed,2026-06-14T22:12:33+09:00,"{""booth_url"": ""https://peakheadz.booth.pm/items/8448289"", ""dake_item_id"": ""dake_year_notice"", ""dake_type"": ""app"", ""github_release_url"": ""https://github.com/yukiPHZ/dake-series/releases/tag/DAKE_Year_Notice_v1.0.0"", ""source_original"": ""01_apps/DAKE_Year_Notice/ORIGINAL.md"", ""source_repo"": ""DAKE_series"", ""store_url"": ""https://store.dakeapp.com/product/?id=dake_year_notice""}"
game_alien_road,DakeAlien Road,prod_Uhd6nZNaunvd36,price_1TiDpzHrsJubFuDOxoPmhLxH,plink_1TiDq0HrsJubFuDO2M5H7WwA,https://buy.stripe.com/8x2bJ1eIhfIH9WE7DH0gw0M,true,completed,2026-06-14T22:12:33+09:00,"{""booth_url"": ""https://peakheadz.booth.pm/items/8449213"", ""dake_item_id"": ""game_alien_road"", ""dake_type"": ""app"", ""github_release_url"": ""https://github.com/yukiPHZ/dake-series/releases/tag/DAKE_Game_Alien_Road_v1.0.0"", ""source_original"": ""01_apps/DAKE_Game_Alien_Road/ORIGINAL.md"", ""source_repo"": ""DAKE_series"", ""store_url"": ""https://store.dakeapp.com/product/?id=game_alien_road""}"
game_diver_catch,Dake潜って捕る,prod_Uhd63VLYffk4Wl,price_1TiDq0HrsJubFuDOJ5oGdFxv,plink_1TiDq1HrsJubFuDOw0mjDR4T,https://buy.stripe.com/dRm5kD43DeED6Ks3nr0gw0N,true,completed,2026-06-14T22:12:33+09:00,"{""booth_url"": ""https://peakheadz.booth.pm/items/8449218"", ""dake_item_id"": ""game_diver_catch"", ""dake_type"": ""app"", ""github_release_url"": ""https://github.com/yukiPHZ/dake-series/releases/tag/DAKE_Game_Diver_Catch_v1.0.0"", ""source_original"": ""01_apps/DAKE_Game_Diver_Catch/ORIGINAL.md"", ""source_repo"": ""DAKE_series"", ""store_url"": ""https://store.dakeapp.com/product/?id=game_diver_catch""}"
